strategy,base_strategy,hold_period,label_mode,group_key,train_date,use_date
mon_wed_h1,mon_wed,1,market_excess,2025-W48-mon_tue,2025-11-25,2025-11-25
mon_wed_h2,mon_wed,2,market_excess,2025-W48-mon_tue,2025-11-25,2025-11-25
mon_wed_h3,mon_wed,3,market_excess,2025-W48-mon_tue,2025-11-25,2025-11-25
mon_wed_h5,mon_wed,5,market_excess,2025-W48-mon_tue,2025-11-25,2025-11-25
mon_wed_h1,mon_wed,1,market_excess,2025-W48-wed_fri,2025-11-26,2025-11-26
mon_wed_h2,mon_wed,2,market_excess,2025-W48-wed_fri,2025-11-26,2025-11-26
mon_wed_h3,mon_wed,3,market_excess,2025-W48-wed_fri,2025-11-26,2025-11-26
mon_wed_h5,mon_wed,5,market_excess,2025-W48-wed_fri,2025-11-26,2025-11-26
mon_wed_h1,mon_wed,1,market_excess,2025-W48-wed_fri,2025-11-26,2025-11-27
mon_wed_h2,mon_wed,2,market_excess,2025-W48-wed_fri,2025-11-26,2025-11-27
mon_wed_h3,mon_wed,3,market_excess,2025-W48-wed_fri,2025-11-26,2025-11-27
mon_wed_h5,mon_wed,5,market_excess,2025-W48-wed_fri,2025-11-26,2025-11-27
mon_wed_h1,mon_wed,1,market_excess,2025-W48-wed_fri,2025-11-26,2025-11-28
mon_wed_h2,mon_wed,2,market_excess,2025-W48-wed_fri,2025-11-26,2025-11-28
mon_wed_h3,mon_wed,3,market_excess,2025-W48-wed_fri,2025-11-26,2025-11-28
mon_wed_h5,mon_wed,5,market_excess,2025-W48-wed_fri,2025-11-26,2025-11-28
mon_wed_h1,mon_wed,1,market_excess,2025-W49-mon_tue,2025-12-01,2025-12-01
mon_wed_h2,mon_wed,2,market_excess,2025-W49-mon_tue,2025-12-01,2025-12-01
mon_wed_h3,mon_wed,3,market_excess,2025-W49-mon_tue,2025-12-01,2025-12-01
mon_wed_h5,mon_wed,5,market_excess,2025-W49-mon_tue,2025-12-01,2025-12-01
mon_wed_h1,mon_wed,1,market_excess,2025-W49-mon_tue,2025-12-01,2025-12-02
mon_wed_h2,mon_wed,2,market_excess,2025-W49-mon_tue,2025-12-01,2025-12-02
mon_wed_h3,mon_wed,3,market_excess,2025-W49-mon_tue,2025-12-01,2025-12-02
mon_wed_h5,mon_wed,5,market_excess,2025-W49-mon_tue,2025-12-01,2025-12-02
mon_wed_h1,mon_wed,1,market_excess,2025-W49-wed_fri,2025-12-03,2025-12-03
mon_wed_h2,mon_wed,2,market_excess,2025-W49-wed_fri,2025-12-03,2025-12-03
mon_wed_h3,mon_wed,3,market_excess,2025-W49-wed_fri,2025-12-03,2025-12-03
mon_wed_h5,mon_wed,5,market_excess,2025-W49-wed_fri,2025-12-03,2025-12-03
mon_wed_h1,mon_wed,1,market_excess,2025-W49-wed_fri,2025-12-03,2025-12-04
mon_wed_h2,mon_wed,2,market_excess,2025-W49-wed_fri,2025-12-03,2025-12-04
mon_wed_h3,mon_wed,3,market_excess,2025-W49-wed_fri,2025-12-03,2025-12-04
mon_wed_h5,mon_wed,5,market_excess,2025-W49-wed_fri,2025-12-03,2025-12-04
mon_wed_h1,mon_wed,1,market_excess,2025-W49-wed_fri,2025-12-03,2025-12-05
mon_wed_h2,mon_wed,2,market_excess,2025-W49-wed_fri,2025-12-03,2025-12-05
mon_wed_h3,mon_wed,3,market_excess,2025-W49-wed_fri,2025-12-03,2025-12-05
mon_wed_h5,mon_wed,5,market_excess,2025-W49-wed_fri,2025-12-03,2025-12-05
mon_wed_h1,mon_wed,1,market_excess,2025-W50-mon_tue,2025-12-08,2025-12-08
mon_wed_h2,mon_wed,2,market_excess,2025-W50-mon_tue,2025-12-08,2025-12-08
mon_wed_h3,mon_wed,3,market_excess,2025-W50-mon_tue,2025-12-08,2025-12-08
mon_wed_h5,mon_wed,5,market_excess,2025-W50-mon_tue,2025-12-08,2025-12-08
mon_wed_h1,mon_wed,1,market_excess,2025-W50-mon_tue,2025-12-08,2025-12-09
mon_wed_h2,mon_wed,2,market_excess,2025-W50-mon_tue,2025-12-08,2025-12-09
mon_wed_h3,mon_wed,3,market_excess,2025-W50-mon_tue,2025-12-08,2025-12-09
mon_wed_h5,mon_wed,5,market_excess,2025-W50-mon_tue,2025-12-08,2025-12-09
mon_wed_h1,mon_wed,1,market_excess,2025-W50-wed_fri,2025-12-10,2025-12-10
mon_wed_h2,mon_wed,2,market_excess,2025-W50-wed_fri,2025-12-10,2025-12-10
mon_wed_h3,mon_wed,3,market_excess,2025-W50-wed_fri,2025-12-10,2025-12-10
mon_wed_h5,mon_wed,5,market_excess,2025-W50-wed_fri,2025-12-10,2025-12-10
mon_wed_h1,mon_wed,1,market_excess,2025-W50-wed_fri,2025-12-10,2025-12-11
mon_wed_h2,mon_wed,2,market_excess,2025-W50-wed_fri,2025-12-10,2025-12-11
mon_wed_h3,mon_wed,3,market_excess,2025-W50-wed_fri,2025-12-10,2025-12-11
mon_wed_h5,mon_wed,5,market_excess,2025-W50-wed_fri,2025-12-10,2025-12-11
mon_wed_h1,mon_wed,1,market_excess,2025-W50-wed_fri,2025-12-10,2025-12-12
mon_wed_h2,mon_wed,2,market_excess,2025-W50-wed_fri,2025-12-10,2025-12-12
mon_wed_h3,mon_wed,3,market_excess,2025-W50-wed_fri,2025-12-10,2025-12-12
mon_wed_h5,mon_wed,5,market_excess,2025-W50-wed_fri,2025-12-10,2025-12-12
mon_wed_h1,mon_wed,1,market_excess,2025-W51-mon_tue,2025-12-15,2025-12-15
mon_wed_h2,mon_wed,2,market_excess,2025-W51-mon_tue,2025-12-15,2025-12-15
mon_wed_h3,mon_wed,3,market_excess,2025-W51-mon_tue,2025-12-15,2025-12-15
mon_wed_h5,mon_wed,5,market_excess,2025-W51-mon_tue,2025-12-15,2025-12-15
mon_wed_h1,mon_wed,1,market_excess,2025-W51-mon_tue,2025-12-15,2025-12-16
mon_wed_h2,mon_wed,2,market_excess,2025-W51-mon_tue,2025-12-15,2025-12-16
mon_wed_h3,mon_wed,3,market_excess,2025-W51-mon_tue,2025-12-15,2025-12-16
mon_wed_h5,mon_wed,5,market_excess,2025-W51-mon_tue,2025-12-15,2025-12-16
mon_wed_h1,mon_wed,1,market_excess,2025-W51-wed_fri,2025-12-17,2025-12-17
mon_wed_h2,mon_wed,2,market_excess,2025-W51-wed_fri,2025-12-17,2025-12-17
mon_wed_h3,mon_wed,3,market_excess,2025-W51-wed_fri,2025-12-17,2025-12-17
mon_wed_h5,mon_wed,5,market_excess,2025-W51-wed_fri,2025-12-17,2025-12-17
mon_wed_h1,mon_wed,1,market_excess,2025-W51-wed_fri,2025-12-17,2025-12-18
mon_wed_h2,mon_wed,2,market_excess,2025-W51-wed_fri,2025-12-17,2025-12-18
mon_wed_h3,mon_wed,3,market_excess,2025-W51-wed_fri,2025-12-17,2025-12-18
mon_wed_h5,mon_wed,5,market_excess,2025-W51-wed_fri,2025-12-17,2025-12-18
mon_wed_h1,mon_wed,1,market_excess,2025-W51-wed_fri,2025-12-17,2025-12-19
mon_wed_h2,mon_wed,2,market_excess,2025-W51-wed_fri,2025-12-17,2025-12-19
mon_wed_h3,mon_wed,3,market_excess,2025-W51-wed_fri,2025-12-17,2025-12-19
mon_wed_h5,mon_wed,5,market_excess,2025-W51-wed_fri,2025-12-17,2025-12-19
mon_wed_h1,mon_wed,1,market_excess,2025-W52-mon_tue,2025-12-22,2025-12-22
mon_wed_h2,mon_wed,2,market_excess,2025-W52-mon_tue,2025-12-22,2025-12-22
mon_wed_h3,mon_wed,3,market_excess,2025-W52-mon_tue,2025-12-22,2025-12-22
mon_wed_h5,mon_wed,5,market_excess,2025-W52-mon_tue,2025-12-22,2025-12-22
mon_wed_h1,mon_wed,1,market_excess,2025-W52-mon_tue,2025-12-22,2025-12-23
mon_wed_h2,mon_wed,2,market_excess,2025-W52-mon_tue,2025-12-22,2025-12-23
mon_wed_h3,mon_wed,3,market_excess,2025-W52-mon_tue,2025-12-22,2025-12-23
mon_wed_h5,mon_wed,5,market_excess,2025-W52-mon_tue,2025-12-22,2025-12-23
mon_wed_h1,mon_wed,1,market_excess,2025-W52-wed_fri,2025-12-24,2025-12-24
mon_wed_h2,mon_wed,2,market_excess,2025-W52-wed_fri,2025-12-24,2025-12-24
mon_wed_h3,mon_wed,3,market_excess,2025-W52-wed_fri,2025-12-24,2025-12-24
mon_wed_h5,mon_wed,5,market_excess,2025-W52-wed_fri,2025-12-24,2025-12-24
mon_wed_h1,mon_wed,1,market_excess,2025-W52-wed_fri,2025-12-24,2025-12-25
mon_wed_h2,mon_wed,2,market_excess,2025-W52-wed_fri,2025-12-24,2025-12-25
mon_wed_h3,mon_wed,3,market_excess,2025-W52-wed_fri,2025-12-24,2025-12-25
mon_wed_h5,mon_wed,5,market_excess,2025-W52-wed_fri,2025-12-24,2025-12-25
mon_wed_h1,mon_wed,1,market_excess,2025-W52-wed_fri,2025-12-24,2025-12-26
mon_wed_h2,mon_wed,2,market_excess,2025-W52-wed_fri,2025-12-24,2025-12-26
mon_wed_h3,mon_wed,3,market_excess,2025-W52-wed_fri,2025-12-24,2025-12-26
mon_wed_h5,mon_wed,5,market_excess,2025-W52-wed_fri,2025-12-24,2025-12-26
mon_wed_h1,mon_wed,1,market_excess,2026-W01-mon_tue,2025-12-29,2025-12-29
mon_wed_h2,mon_wed,2,market_excess,2026-W01-mon_tue,2025-12-29,2025-12-29
mon_wed_h3,mon_wed,3,market_excess,2026-W01-mon_tue,2025-12-29,2025-12-29
mon_wed_h5,mon_wed,5,market_excess,2026-W01-mon_tue,2025-12-29,2025-12-29
mon_wed_h1,mon_wed,1,market_excess,2026-W01-mon_tue,2025-12-29,2025-12-30
mon_wed_h2,mon_wed,2,market_excess,2026-W01-mon_tue,2025-12-29,2025-12-30
mon_wed_h3,mon_wed,3,market_excess,2026-W01-mon_tue,2025-12-29,2025-12-30
mon_wed_h5,mon_wed,5,market_excess,2026-W01-mon_tue,2025-12-29,2025-12-30
mon_wed_h1,mon_wed,1,market_excess,2026-W01-wed_fri,2025-12-31,2025-12-31
mon_wed_h2,mon_wed,2,market_excess,2026-W01-wed_fri,2025-12-31,2025-12-31
mon_wed_h3,mon_wed,3,market_excess,2026-W01-wed_fri,2025-12-31,2025-12-31
mon_wed_h5,mon_wed,5,market_excess,2026-W01-wed_fri,2025-12-31,2025-12-31
mon_wed_h1,mon_wed,1,market_excess,2026-W02-mon_tue,2026-01-05,2026-01-05
mon_wed_h2,mon_wed,2,market_excess,2026-W02-mon_tue,2026-01-05,2026-01-05
mon_wed_h3,mon_wed,3,market_excess,2026-W02-mon_tue,2026-01-05,2026-01-05
mon_wed_h5,mon_wed,5,market_excess,2026-W02-mon_tue,2026-01-05,2026-01-05
mon_wed_h1,mon_wed,1,market_excess,2026-W02-mon_tue,2026-01-05,2026-01-06
mon_wed_h2,mon_wed,2,market_excess,2026-W02-mon_tue,2026-01-05,2026-01-06
mon_wed_h3,mon_wed,3,market_excess,2026-W02-mon_tue,2026-01-05,2026-01-06
mon_wed_h5,mon_wed,5,market_excess,2026-W02-mon_tue,2026-01-05,2026-01-06
mon_wed_h1,mon_wed,1,market_excess,2026-W02-wed_fri,2026-01-07,2026-01-07
mon_wed_h2,mon_wed,2,market_excess,2026-W02-wed_fri,2026-01-07,2026-01-07
mon_wed_h3,mon_wed,3,market_excess,2026-W02-wed_fri,2026-01-07,2026-01-07
mon_wed_h5,mon_wed,5,market_excess,2026-W02-wed_fri,2026-01-07,2026-01-07
mon_wed_h1,mon_wed,1,market_excess,2026-W02-wed_fri,2026-01-07,2026-01-08
mon_wed_h2,mon_wed,2,market_excess,2026-W02-wed_fri,2026-01-07,2026-01-08
mon_wed_h3,mon_wed,3,market_excess,2026-W02-wed_fri,2026-01-07,2026-01-08
mon_wed_h5,mon_wed,5,market_excess,2026-W02-wed_fri,2026-01-07,2026-01-08
mon_wed_h1,mon_wed,1,market_excess,2026-W02-wed_fri,2026-01-07,2026-01-09
mon_wed_h2,mon_wed,2,market_excess,2026-W02-wed_fri,2026-01-07,2026-01-09
mon_wed_h3,mon_wed,3,market_excess,2026-W02-wed_fri,2026-01-07,2026-01-09
mon_wed_h5,mon_wed,5,market_excess,2026-W02-wed_fri,2026-01-07,2026-01-09
mon_wed_h1,mon_wed,1,market_excess,2026-W03-mon_tue,2026-01-12,2026-01-12
mon_wed_h2,mon_wed,2,market_excess,2026-W03-mon_tue,2026-01-12,2026-01-12
mon_wed_h3,mon_wed,3,market_excess,2026-W03-mon_tue,2026-01-12,2026-01-12
mon_wed_h5,mon_wed,5,market_excess,2026-W03-mon_tue,2026-01-12,2026-01-12
mon_wed_h1,mon_wed,1,market_excess,2026-W03-mon_tue,2026-01-12,2026-01-13
mon_wed_h2,mon_wed,2,market_excess,2026-W03-mon_tue,2026-01-12,2026-01-13
mon_wed_h3,mon_wed,3,market_excess,2026-W03-mon_tue,2026-01-12,2026-01-13
mon_wed_h5,mon_wed,5,market_excess,2026-W03-mon_tue,2026-01-12,2026-01-13
mon_wed_h1,mon_wed,1,market_excess,2026-W03-wed_fri,2026-01-14,2026-01-14
mon_wed_h2,mon_wed,2,market_excess,2026-W03-wed_fri,2026-01-14,2026-01-14
mon_wed_h3,mon_wed,3,market_excess,2026-W03-wed_fri,2026-01-14,2026-01-14
mon_wed_h5,mon_wed,5,market_excess,2026-W03-wed_fri,2026-01-14,2026-01-14
mon_wed_h1,mon_wed,1,market_excess,2026-W03-wed_fri,2026-01-14,2026-01-15
mon_wed_h2,mon_wed,2,market_excess,2026-W03-wed_fri,2026-01-14,2026-01-15
mon_wed_h3,mon_wed,3,market_excess,2026-W03-wed_fri,2026-01-14,2026-01-15
mon_wed_h5,mon_wed,5,market_excess,2026-W03-wed_fri,2026-01-14,2026-01-15
mon_wed_h1,mon_wed,1,market_excess,2026-W03-wed_fri,2026-01-14,2026-01-16
mon_wed_h2,mon_wed,2,market_excess,2026-W03-wed_fri,2026-01-14,2026-01-16
mon_wed_h3,mon_wed,3,market_excess,2026-W03-wed_fri,2026-01-14,2026-01-16
mon_wed_h5,mon_wed,5,market_excess,2026-W03-wed_fri,2026-01-14,2026-01-16
mon_wed_h1,mon_wed,1,market_excess,2026-W04-mon_tue,2026-01-19,2026-01-19
mon_wed_h2,mon_wed,2,market_excess,2026-W04-mon_tue,2026-01-19,2026-01-19
mon_wed_h3,mon_wed,3,market_excess,2026-W04-mon_tue,2026-01-19,2026-01-19
mon_wed_h5,mon_wed,5,market_excess,2026-W04-mon_tue,2026-01-19,2026-01-19
mon_wed_h1,mon_wed,1,market_excess,2026-W04-mon_tue,2026-01-19,2026-01-20
mon_wed_h2,mon_wed,2,market_excess,2026-W04-mon_tue,2026-01-19,2026-01-20
mon_wed_h3,mon_wed,3,market_excess,2026-W04-mon_tue,2026-01-19,2026-01-20
mon_wed_h5,mon_wed,5,market_excess,2026-W04-mon_tue,2026-01-19,2026-01-20
mon_wed_h1,mon_wed,1,market_excess,2026-W04-wed_fri,2026-01-21,2026-01-21
mon_wed_h2,mon_wed,2,market_excess,2026-W04-wed_fri,2026-01-21,2026-01-21
mon_wed_h3,mon_wed,3,market_excess,2026-W04-wed_fri,2026-01-21,2026-01-21
mon_wed_h5,mon_wed,5,market_excess,2026-W04-wed_fri,2026-01-21,2026-01-21
mon_wed_h1,mon_wed,1,market_excess,2026-W04-wed_fri,2026-01-21,2026-01-22
mon_wed_h2,mon_wed,2,market_excess,2026-W04-wed_fri,2026-01-21,2026-01-22
mon_wed_h3,mon_wed,3,market_excess,2026-W04-wed_fri,2026-01-21,2026-01-22
mon_wed_h5,mon_wed,5,market_excess,2026-W04-wed_fri,2026-01-21,2026-01-22
mon_wed_h1,mon_wed,1,market_excess,2026-W04-wed_fri,2026-01-21,2026-01-23
mon_wed_h2,mon_wed,2,market_excess,2026-W04-wed_fri,2026-01-21,2026-01-23
mon_wed_h3,mon_wed,3,market_excess,2026-W04-wed_fri,2026-01-21,2026-01-23
mon_wed_h5,mon_wed,5,market_excess,2026-W04-wed_fri,2026-01-21,2026-01-23
mon_wed_h1,mon_wed,1,market_excess,2026-W05-mon_tue,2026-01-26,2026-01-26
mon_wed_h2,mon_wed,2,market_excess,2026-W05-mon_tue,2026-01-26,2026-01-26
mon_wed_h3,mon_wed,3,market_excess,2026-W05-mon_tue,2026-01-26,2026-01-26
mon_wed_h5,mon_wed,5,market_excess,2026-W05-mon_tue,2026-01-26,2026-01-26
mon_wed_h1,mon_wed,1,market_excess,2026-W05-mon_tue,2026-01-26,2026-01-27
mon_wed_h2,mon_wed,2,market_excess,2026-W05-mon_tue,2026-01-26,2026-01-27
mon_wed_h3,mon_wed,3,market_excess,2026-W05-mon_tue,2026-01-26,2026-01-27
mon_wed_h5,mon_wed,5,market_excess,2026-W05-mon_tue,2026-01-26,2026-01-27
mon_wed_h1,mon_wed,1,market_excess,2026-W05-wed_fri,2026-01-28,2026-01-28
mon_wed_h2,mon_wed,2,market_excess,2026-W05-wed_fri,2026-01-28,2026-01-28
mon_wed_h3,mon_wed,3,market_excess,2026-W05-wed_fri,2026-01-28,2026-01-28
mon_wed_h5,mon_wed,5,market_excess,2026-W05-wed_fri,2026-01-28,2026-01-28
mon_wed_h1,mon_wed,1,market_excess,2026-W05-wed_fri,2026-01-28,2026-01-29
mon_wed_h2,mon_wed,2,market_excess,2026-W05-wed_fri,2026-01-28,2026-01-29
mon_wed_h3,mon_wed,3,market_excess,2026-W05-wed_fri,2026-01-28,2026-01-29
mon_wed_h5,mon_wed,5,market_excess,2026-W05-wed_fri,2026-01-28,2026-01-29
mon_wed_h1,mon_wed,1,market_excess,2026-W05-wed_fri,2026-01-28,2026-01-30
mon_wed_h2,mon_wed,2,market_excess,2026-W05-wed_fri,2026-01-28,2026-01-30
mon_wed_h3,mon_wed,3,market_excess,2026-W05-wed_fri,2026-01-28,2026-01-30
mon_wed_h5,mon_wed,5,market_excess,2026-W05-wed_fri,2026-01-28,2026-01-30
mon_wed_h1,mon_wed,1,market_excess,2026-W06-mon_tue,2026-02-02,2026-02-02
mon_wed_h2,mon_wed,2,market_excess,2026-W06-mon_tue,2026-02-02,2026-02-02
mon_wed_h3,mon_wed,3,market_excess,2026-W06-mon_tue,2026-02-02,2026-02-02
mon_wed_h5,mon_wed,5,market_excess,2026-W06-mon_tue,2026-02-02,2026-02-02
mon_wed_h1,mon_wed,1,market_excess,2026-W06-mon_tue,2026-02-02,2026-02-03
mon_wed_h2,mon_wed,2,market_excess,2026-W06-mon_tue,2026-02-02,2026-02-03
mon_wed_h3,mon_wed,3,market_excess,2026-W06-mon_tue,2026-02-02,2026-02-03
mon_wed_h5,mon_wed,5,market_excess,2026-W06-mon_tue,2026-02-02,2026-02-03
mon_wed_h1,mon_wed,1,market_excess,2026-W06-wed_fri,2026-02-04,2026-02-04
mon_wed_h2,mon_wed,2,market_excess,2026-W06-wed_fri,2026-02-04,2026-02-04
mon_wed_h3,mon_wed,3,market_excess,2026-W06-wed_fri,2026-02-04,2026-02-04
mon_wed_h5,mon_wed,5,market_excess,2026-W06-wed_fri,2026-02-04,2026-02-04
mon_wed_h1,mon_wed,1,market_excess,2026-W06-wed_fri,2026-02-04,2026-02-05
mon_wed_h2,mon_wed,2,market_excess,2026-W06-wed_fri,2026-02-04,2026-02-05
mon_wed_h3,mon_wed,3,market_excess,2026-W06-wed_fri,2026-02-04,2026-02-05
mon_wed_h5,mon_wed,5,market_excess,2026-W06-wed_fri,2026-02-04,2026-02-05
mon_wed_h1,mon_wed,1,market_excess,2026-W06-wed_fri,2026-02-04,2026-02-06
mon_wed_h2,mon_wed,2,market_excess,2026-W06-wed_fri,2026-02-04,2026-02-06
mon_wed_h3,mon_wed,3,market_excess,2026-W06-wed_fri,2026-02-04,2026-02-06
mon_wed_h5,mon_wed,5,market_excess,2026-W06-wed_fri,2026-02-04,2026-02-06
mon_wed_h1,mon_wed,1,market_excess,2026-W07-mon_tue,2026-02-09,2026-02-09
mon_wed_h2,mon_wed,2,market_excess,2026-W07-mon_tue,2026-02-09,2026-02-09
mon_wed_h3,mon_wed,3,market_excess,2026-W07-mon_tue,2026-02-09,2026-02-09
mon_wed_h5,mon_wed,5,market_excess,2026-W07-mon_tue,2026-02-09,2026-02-09
mon_wed_h1,mon_wed,1,market_excess,2026-W07-mon_tue,2026-02-09,2026-02-10
mon_wed_h2,mon_wed,2,market_excess,2026-W07-mon_tue,2026-02-09,2026-02-10
mon_wed_h3,mon_wed,3,market_excess,2026-W07-mon_tue,2026-02-09,2026-02-10
mon_wed_h5,mon_wed,5,market_excess,2026-W07-mon_tue,2026-02-09,2026-02-10
mon_wed_h1,mon_wed,1,market_excess,2026-W07-wed_fri,2026-02-11,2026-02-11
mon_wed_h2,mon_wed,2,market_excess,2026-W07-wed_fri,2026-02-11,2026-02-11
mon_wed_h3,mon_wed,3,market_excess,2026-W07-wed_fri,2026-02-11,2026-02-11
mon_wed_h5,mon_wed,5,market_excess,2026-W07-wed_fri,2026-02-11,2026-02-11
mon_wed_h1,mon_wed,1,market_excess,2026-W07-wed_fri,2026-02-11,2026-02-12
mon_wed_h2,mon_wed,2,market_excess,2026-W07-wed_fri,2026-02-11,2026-02-12
mon_wed_h3,mon_wed,3,market_excess,2026-W07-wed_fri,2026-02-11,2026-02-12
mon_wed_h5,mon_wed,5,market_excess,2026-W07-wed_fri,2026-02-11,2026-02-12
mon_wed_h1,mon_wed,1,market_excess,2026-W07-wed_fri,2026-02-11,2026-02-13
mon_wed_h2,mon_wed,2,market_excess,2026-W07-wed_fri,2026-02-11,2026-02-13
mon_wed_h3,mon_wed,3,market_excess,2026-W07-wed_fri,2026-02-11,2026-02-13
mon_wed_h5,mon_wed,5,market_excess,2026-W07-wed_fri,2026-02-11,2026-02-13
mon_wed_h1,mon_wed,1,market_excess,2026-W09-mon_tue,2026-02-24,2026-02-24
mon_wed_h2,mon_wed,2,market_excess,2026-W09-mon_tue,2026-02-24,2026-02-24
mon_wed_h3,mon_wed,3,market_excess,2026-W09-mon_tue,2026-02-24,2026-02-24
mon_wed_h5,mon_wed,5,market_excess,2026-W09-mon_tue,2026-02-24,2026-02-24
mon_wed_h1,mon_wed,1,market_excess,2026-W09-wed_fri,2026-02-25,2026-02-25
mon_wed_h2,mon_wed,2,market_excess,2026-W09-wed_fri,2026-02-25,2026-02-25
mon_wed_h3,mon_wed,3,market_excess,2026-W09-wed_fri,2026-02-25,2026-02-25
mon_wed_h5,mon_wed,5,market_excess,2026-W09-wed_fri,2026-02-25,2026-02-25
mon_wed_h1,mon_wed,1,market_excess,2026-W09-wed_fri,2026-02-25,2026-02-26
mon_wed_h2,mon_wed,2,market_excess,2026-W09-wed_fri,2026-02-25,2026-02-26
mon_wed_h3,mon_wed,3,market_excess,2026-W09-wed_fri,2026-02-25,2026-02-26
mon_wed_h5,mon_wed,5,market_excess,2026-W09-wed_fri,2026-02-25,2026-02-26
mon_wed_h1,mon_wed,1,market_excess,2026-W09-wed_fri,2026-02-25,2026-02-27
mon_wed_h2,mon_wed,2,market_excess,2026-W09-wed_fri,2026-02-25,2026-02-27
mon_wed_h3,mon_wed,3,market_excess,2026-W09-wed_fri,2026-02-25,2026-02-27
mon_wed_h5,mon_wed,5,market_excess,2026-W09-wed_fri,2026-02-25,2026-02-27
mon_wed_h1,mon_wed,1,market_excess,2026-W10-mon_tue,2026-03-02,2026-03-02
mon_wed_h2,mon_wed,2,market_excess,2026-W10-mon_tue,2026-03-02,2026-03-02
mon_wed_h3,mon_wed,3,market_excess,2026-W10-mon_tue,2026-03-02,2026-03-02
mon_wed_h5,mon_wed,5,market_excess,2026-W10-mon_tue,2026-03-02,2026-03-02
mon_wed_h1,mon_wed,1,market_excess,2026-W10-mon_tue,2026-03-02,2026-03-03
mon_wed_h2,mon_wed,2,market_excess,2026-W10-mon_tue,2026-03-02,2026-03-03
mon_wed_h3,mon_wed,3,market_excess,2026-W10-mon_tue,2026-03-02,2026-03-03
mon_wed_h5,mon_wed,5,market_excess,2026-W10-mon_tue,2026-03-02,2026-03-03
mon_wed_h1,mon_wed,1,market_excess,2026-W10-wed_fri,2026-03-04,2026-03-04
mon_wed_h2,mon_wed,2,market_excess,2026-W10-wed_fri,2026-03-04,2026-03-04
mon_wed_h3,mon_wed,3,market_excess,2026-W10-wed_fri,2026-03-04,2026-03-04
mon_wed_h5,mon_wed,5,market_excess,2026-W10-wed_fri,2026-03-04,2026-03-04
mon_wed_h1,mon_wed,1,market_excess,2026-W10-wed_fri,2026-03-04,2026-03-05
mon_wed_h2,mon_wed,2,market_excess,2026-W10-wed_fri,2026-03-04,2026-03-05
mon_wed_h3,mon_wed,3,market_excess,2026-W10-wed_fri,2026-03-04,2026-03-05
mon_wed_h5,mon_wed,5,market_excess,2026-W10-wed_fri,2026-03-04,2026-03-05
mon_wed_h1,mon_wed,1,market_excess,2026-W10-wed_fri,2026-03-04,2026-03-06
mon_wed_h2,mon_wed,2,market_excess,2026-W10-wed_fri,2026-03-04,2026-03-06
mon_wed_h3,mon_wed,3,market_excess,2026-W10-wed_fri,2026-03-04,2026-03-06
mon_wed_h5,mon_wed,5,market_excess,2026-W10-wed_fri,2026-03-04,2026-03-06
mon_wed_h1,mon_wed,1,market_excess,2026-W11-mon_tue,2026-03-09,2026-03-09
mon_wed_h2,mon_wed,2,market_excess,2026-W11-mon_tue,2026-03-09,2026-03-09
mon_wed_h3,mon_wed,3,market_excess,2026-W11-mon_tue,2026-03-09,2026-03-09
mon_wed_h5,mon_wed,5,market_excess,2026-W11-mon_tue,2026-03-09,2026-03-09
mon_wed_h1,mon_wed,1,market_excess,2026-W11-mon_tue,2026-03-09,2026-03-10
mon_wed_h2,mon_wed,2,market_excess,2026-W11-mon_tue,2026-03-09,2026-03-10
mon_wed_h3,mon_wed,3,market_excess,2026-W11-mon_tue,2026-03-09,2026-03-10
mon_wed_h5,mon_wed,5,market_excess,2026-W11-mon_tue,2026-03-09,2026-03-10
mon_wed_h1,mon_wed,1,market_excess,2026-W11-wed_fri,2026-03-11,2026-03-11
mon_wed_h2,mon_wed,2,market_excess,2026-W11-wed_fri,2026-03-11,2026-03-11
mon_wed_h3,mon_wed,3,market_excess,2026-W11-wed_fri,2026-03-11,2026-03-11
mon_wed_h5,mon_wed,5,market_excess,2026-W11-wed_fri,2026-03-11,2026-03-11
mon_wed_h1,mon_wed,1,market_excess,2026-W11-wed_fri,2026-03-11,2026-03-12
mon_wed_h2,mon_wed,2,market_excess,2026-W11-wed_fri,2026-03-11,2026-03-12
mon_wed_h3,mon_wed,3,market_excess,2026-W11-wed_fri,2026-03-11,2026-03-12
mon_wed_h5,mon_wed,5,market_excess,2026-W11-wed_fri,2026-03-11,2026-03-12
mon_wed_h1,mon_wed,1,market_excess,2026-W11-wed_fri,2026-03-11,2026-03-13
mon_wed_h2,mon_wed,2,market_excess,2026-W11-wed_fri,2026-03-11,2026-03-13
mon_wed_h3,mon_wed,3,market_excess,2026-W11-wed_fri,2026-03-11,2026-03-13
mon_wed_h5,mon_wed,5,market_excess,2026-W11-wed_fri,2026-03-11,2026-03-13
mon_wed_h1,mon_wed,1,market_excess,2026-W12-mon_tue,2026-03-16,2026-03-16
mon_wed_h2,mon_wed,2,market_excess,2026-W12-mon_tue,2026-03-16,2026-03-16
mon_wed_h3,mon_wed,3,market_excess,2026-W12-mon_tue,2026-03-16,2026-03-16
mon_wed_h5,mon_wed,5,market_excess,2026-W12-mon_tue,2026-03-16,2026-03-16
mon_wed_h1,mon_wed,1,market_excess,2026-W12-mon_tue,2026-03-16,2026-03-17
mon_wed_h2,mon_wed,2,market_excess,2026-W12-mon_tue,2026-03-16,2026-03-17
mon_wed_h3,mon_wed,3,market_excess,2026-W12-mon_tue,2026-03-16,2026-03-17
mon_wed_h5,mon_wed,5,market_excess,2026-W12-mon_tue,2026-03-16,2026-03-17
mon_wed_h1,mon_wed,1,market_excess,2026-W12-wed_fri,2026-03-18,2026-03-18
mon_wed_h2,mon_wed,2,market_excess,2026-W12-wed_fri,2026-03-18,2026-03-18
mon_wed_h3,mon_wed,3,market_excess,2026-W12-wed_fri,2026-03-18,2026-03-18
mon_wed_h5,mon_wed,5,market_excess,2026-W12-wed_fri,2026-03-18,2026-03-18
mon_wed_h1,mon_wed,1,market_excess,2026-W12-wed_fri,2026-03-18,2026-03-19
mon_wed_h2,mon_wed,2,market_excess,2026-W12-wed_fri,2026-03-18,2026-03-19
mon_wed_h3,mon_wed,3,market_excess,2026-W12-wed_fri,2026-03-18,2026-03-19
mon_wed_h5,mon_wed,5,market_excess,2026-W12-wed_fri,2026-03-18,2026-03-19
mon_wed_h1,mon_wed,1,market_excess,2026-W12-wed_fri,2026-03-18,2026-03-20
mon_wed_h2,mon_wed,2,market_excess,2026-W12-wed_fri,2026-03-18,2026-03-20
mon_wed_h3,mon_wed,3,market_excess,2026-W12-wed_fri,2026-03-18,2026-03-20
mon_wed_h5,mon_wed,5,market_excess,2026-W12-wed_fri,2026-03-18,2026-03-20
mon_wed_h1,mon_wed,1,market_excess,2026-W13-mon_tue,2026-03-23,2026-03-23
mon_wed_h2,mon_wed,2,market_excess,2026-W13-mon_tue,2026-03-23,2026-03-23
mon_wed_h3,mon_wed,3,market_excess,2026-W13-mon_tue,2026-03-23,2026-03-23
mon_wed_h5,mon_wed,5,market_excess,2026-W13-mon_tue,2026-03-23,2026-03-23
mon_wed_h1,mon_wed,1,market_excess,2026-W13-mon_tue,2026-03-23,2026-03-24
mon_wed_h2,mon_wed,2,market_excess,2026-W13-mon_tue,2026-03-23,2026-03-24
mon_wed_h3,mon_wed,3,market_excess,2026-W13-mon_tue,2026-03-23,2026-03-24
mon_wed_h5,mon_wed,5,market_excess,2026-W13-mon_tue,2026-03-23,2026-03-24
mon_wed_h1,mon_wed,1,market_excess,2026-W13-wed_fri,2026-03-25,2026-03-25
mon_wed_h2,mon_wed,2,market_excess,2026-W13-wed_fri,2026-03-25,2026-03-25
mon_wed_h3,mon_wed,3,market_excess,2026-W13-wed_fri,2026-03-25,2026-03-25
mon_wed_h5,mon_wed,5,market_excess,2026-W13-wed_fri,2026-03-25,2026-03-25
mon_wed_h1,mon_wed,1,market_excess,2026-W13-wed_fri,2026-03-25,2026-03-26
mon_wed_h2,mon_wed,2,market_excess,2026-W13-wed_fri,2026-03-25,2026-03-26
mon_wed_h3,mon_wed,3,market_excess,2026-W13-wed_fri,2026-03-25,2026-03-26
mon_wed_h5,mon_wed,5,market_excess,2026-W13-wed_fri,2026-03-25,2026-03-26
mon_wed_h1,mon_wed,1,market_excess,2026-W13-wed_fri,2026-03-25,2026-03-27
mon_wed_h2,mon_wed,2,market_excess,2026-W13-wed_fri,2026-03-25,2026-03-27
mon_wed_h3,mon_wed,3,market_excess,2026-W13-wed_fri,2026-03-25,2026-03-27
mon_wed_h5,mon_wed,5,market_excess,2026-W13-wed_fri,2026-03-25,2026-03-27
mon_wed_h1,mon_wed,1,market_excess,2026-W14-mon_tue,2026-03-30,2026-03-30
mon_wed_h2,mon_wed,2,market_excess,2026-W14-mon_tue,2026-03-30,2026-03-30
mon_wed_h3,mon_wed,3,market_excess,2026-W14-mon_tue,2026-03-30,2026-03-30
mon_wed_h5,mon_wed,5,market_excess,2026-W14-mon_tue,2026-03-30,2026-03-30
mon_wed_h1,mon_wed,1,market_excess,2026-W14-mon_tue,2026-03-30,2026-03-31
mon_wed_h2,mon_wed,2,market_excess,2026-W14-mon_tue,2026-03-30,2026-03-31
mon_wed_h3,mon_wed,3,market_excess,2026-W14-mon_tue,2026-03-30,2026-03-31
mon_wed_h5,mon_wed,5,market_excess,2026-W14-mon_tue,2026-03-30,2026-03-31
mon_wed_h1,mon_wed,1,market_excess,2026-W14-wed_fri,2026-04-01,2026-04-01
mon_wed_h2,mon_wed,2,market_excess,2026-W14-wed_fri,2026-04-01,2026-04-01
mon_wed_h3,mon_wed,3,market_excess,2026-W14-wed_fri,2026-04-01,2026-04-01
mon_wed_h5,mon_wed,5,market_excess,2026-W14-wed_fri,2026-04-01,2026-04-01
mon_wed_h1,mon_wed,1,market_excess,2026-W14-wed_fri,2026-04-01,2026-04-02
mon_wed_h2,mon_wed,2,market_excess,2026-W14-wed_fri,2026-04-01,2026-04-02
mon_wed_h3,mon_wed,3,market_excess,2026-W14-wed_fri,2026-04-01,2026-04-02
mon_wed_h5,mon_wed,5,market_excess,2026-W14-wed_fri,2026-04-01,2026-04-02
mon_wed_h1,mon_wed,1,market_excess,2026-W14-wed_fri,2026-04-01,2026-04-03
mon_wed_h2,mon_wed,2,market_excess,2026-W14-wed_fri,2026-04-01,2026-04-03
mon_wed_h3,mon_wed,3,market_excess,2026-W14-wed_fri,2026-04-01,2026-04-03
mon_wed_h5,mon_wed,5,market_excess,2026-W14-wed_fri,2026-04-01,2026-04-03
mon_wed_h1,mon_wed,1,market_excess,2026-W15-mon_tue,2026-04-07,2026-04-07
mon_wed_h2,mon_wed,2,market_excess,2026-W15-mon_tue,2026-04-07,2026-04-07
mon_wed_h3,mon_wed,3,market_excess,2026-W15-mon_tue,2026-04-07,2026-04-07
mon_wed_h5,mon_wed,5,market_excess,2026-W15-mon_tue,2026-04-07,2026-04-07
mon_wed_h1,mon_wed,1,market_excess,2026-W15-wed_fri,2026-04-08,2026-04-08
mon_wed_h2,mon_wed,2,market_excess,2026-W15-wed_fri,2026-04-08,2026-04-08
mon_wed_h3,mon_wed,3,market_excess,2026-W15-wed_fri,2026-04-08,2026-04-08
mon_wed_h5,mon_wed,5,market_excess,2026-W15-wed_fri,2026-04-08,2026-04-08
mon_wed_h1,mon_wed,1,market_excess,2026-W15-wed_fri,2026-04-08,2026-04-09
mon_wed_h2,mon_wed,2,market_excess,2026-W15-wed_fri,2026-04-08,2026-04-09
mon_wed_h3,mon_wed,3,market_excess,2026-W15-wed_fri,2026-04-08,2026-04-09
mon_wed_h5,mon_wed,5,market_excess,2026-W15-wed_fri,2026-04-08,2026-04-09
mon_wed_h1,mon_wed,1,market_excess,2026-W15-wed_fri,2026-04-08,2026-04-10
mon_wed_h2,mon_wed,2,market_excess,2026-W15-wed_fri,2026-04-08,2026-04-10
mon_wed_h3,mon_wed,3,market_excess,2026-W15-wed_fri,2026-04-08,2026-04-10
mon_wed_h5,mon_wed,5,market_excess,2026-W15-wed_fri,2026-04-08,2026-04-10
mon_wed_h1,mon_wed,1,market_excess,2026-W16-mon_tue,2026-04-13,2026-04-13
mon_wed_h2,mon_wed,2,market_excess,2026-W16-mon_tue,2026-04-13,2026-04-13
mon_wed_h3,mon_wed,3,market_excess,2026-W16-mon_tue,2026-04-13,2026-04-13
mon_wed_h5,mon_wed,5,market_excess,2026-W16-mon_tue,2026-04-13,2026-04-13
mon_wed_h1,mon_wed,1,market_excess,2026-W16-mon_tue,2026-04-13,2026-04-14
mon_wed_h2,mon_wed,2,market_excess,2026-W16-mon_tue,2026-04-13,2026-04-14
mon_wed_h3,mon_wed,3,market_excess,2026-W16-mon_tue,2026-04-13,2026-04-14
mon_wed_h5,mon_wed,5,market_excess,2026-W16-mon_tue,2026-04-13,2026-04-14
mon_wed_h1,mon_wed,1,market_excess,2026-W16-wed_fri,2026-04-15,2026-04-15
mon_wed_h2,mon_wed,2,market_excess,2026-W16-wed_fri,2026-04-15,2026-04-15
mon_wed_h3,mon_wed,3,market_excess,2026-W16-wed_fri,2026-04-15,2026-04-15
mon_wed_h5,mon_wed,5,market_excess,2026-W16-wed_fri,2026-04-15,2026-04-15
mon_wed_h1,mon_wed,1,market_excess,2026-W16-wed_fri,2026-04-15,2026-04-16
mon_wed_h2,mon_wed,2,market_excess,2026-W16-wed_fri,2026-04-15,2026-04-16
mon_wed_h3,mon_wed,3,market_excess,2026-W16-wed_fri,2026-04-15,2026-04-16
mon_wed_h5,mon_wed,5,market_excess,2026-W16-wed_fri,2026-04-15,2026-04-16
mon_wed_h1,mon_wed,1,market_excess,2026-W16-wed_fri,2026-04-15,2026-04-17
mon_wed_h2,mon_wed,2,market_excess,2026-W16-wed_fri,2026-04-15,2026-04-17
mon_wed_h3,mon_wed,3,market_excess,2026-W16-wed_fri,2026-04-15,2026-04-17
mon_wed_h5,mon_wed,5,market_excess,2026-W16-wed_fri,2026-04-15,2026-04-17
mon_wed_h1,mon_wed,1,market_excess,2026-W17-mon_tue,2026-04-20,2026-04-20
mon_wed_h2,mon_wed,2,market_excess,2026-W17-mon_tue,2026-04-20,2026-04-20
mon_wed_h3,mon_wed,3,market_excess,2026-W17-mon_tue,2026-04-20,2026-04-20
mon_wed_h5,mon_wed,5,market_excess,2026-W17-mon_tue,2026-04-20,2026-04-20
mon_wed_h1,mon_wed,1,market_excess,2026-W17-mon_tue,2026-04-20,2026-04-21
mon_wed_h2,mon_wed,2,market_excess,2026-W17-mon_tue,2026-04-20,2026-04-21
mon_wed_h3,mon_wed,3,market_excess,2026-W17-mon_tue,2026-04-20,2026-04-21
mon_wed_h5,mon_wed,5,market_excess,2026-W17-mon_tue,2026-04-20,2026-04-21
mon_wed_h1,mon_wed,1,market_excess,2026-W17-wed_fri,2026-04-22,2026-04-22
mon_wed_h2,mon_wed,2,market_excess,2026-W17-wed_fri,2026-04-22,2026-04-22
mon_wed_h3,mon_wed,3,market_excess,2026-W17-wed_fri,2026-04-22,2026-04-22
mon_wed_h5,mon_wed,5,market_excess,2026-W17-wed_fri,2026-04-22,2026-04-22
mon_wed_h1,mon_wed,1,market_excess,2026-W17-wed_fri,2026-04-22,2026-04-23
mon_wed_h2,mon_wed,2,market_excess,2026-W17-wed_fri,2026-04-22,2026-04-23
mon_wed_h3,mon_wed,3,market_excess,2026-W17-wed_fri,2026-04-22,2026-04-23
mon_wed_h5,mon_wed,5,market_excess,2026-W17-wed_fri,2026-04-22,2026-04-23
mon_wed_h1,mon_wed,1,market_excess,2026-W17-wed_fri,2026-04-22,2026-04-24
mon_wed_h2,mon_wed,2,market_excess,2026-W17-wed_fri,2026-04-22,2026-04-24
mon_wed_h3,mon_wed,3,market_excess,2026-W17-wed_fri,2026-04-22,2026-04-24
mon_wed_h5,mon_wed,5,market_excess,2026-W17-wed_fri,2026-04-22,2026-04-24
mon_wed_h1,mon_wed,1,market_excess,2026-W18-mon_tue,2026-04-27,2026-04-27
mon_wed_h2,mon_wed,2,market_excess,2026-W18-mon_tue,2026-04-27,2026-04-27
mon_wed_h3,mon_wed,3,market_excess,2026-W18-mon_tue,2026-04-27,2026-04-27
mon_wed_h5,mon_wed,5,market_excess,2026-W18-mon_tue,2026-04-27,2026-04-27
mon_wed_h1,mon_wed,1,market_excess,2026-W18-mon_tue,2026-04-27,2026-04-28
mon_wed_h2,mon_wed,2,market_excess,2026-W18-mon_tue,2026-04-27,2026-04-28
mon_wed_h3,mon_wed,3,market_excess,2026-W18-mon_tue,2026-04-27,2026-04-28
mon_wed_h5,mon_wed,5,market_excess,2026-W18-mon_tue,2026-04-27,2026-04-28
mon_wed_h1,mon_wed,1,market_excess,2026-W18-wed_fri,2026-04-29,2026-04-29
mon_wed_h2,mon_wed,2,market_excess,2026-W18-wed_fri,2026-04-29,2026-04-29
mon_wed_h3,mon_wed,3,market_excess,2026-W18-wed_fri,2026-04-29,2026-04-29
mon_wed_h5,mon_wed,5,market_excess,2026-W18-wed_fri,2026-04-29,2026-04-29
mon_wed_h1,mon_wed,1,market_excess,2026-W18-wed_fri,2026-04-29,2026-04-30
mon_wed_h2,mon_wed,2,market_excess,2026-W18-wed_fri,2026-04-29,2026-04-30
mon_wed_h3,mon_wed,3,market_excess,2026-W18-wed_fri,2026-04-29,2026-04-30
mon_wed_h5,mon_wed,5,market_excess,2026-W18-wed_fri,2026-04-29,2026-04-30
mon_wed_h1,mon_wed,1,market_excess,2026-W19-wed_fri,2026-05-06,2026-05-06
mon_wed_h2,mon_wed,2,market_excess,2026-W19-wed_fri,2026-05-06,2026-05-06
mon_wed_h3,mon_wed,3,market_excess,2026-W19-wed_fri,2026-05-06,2026-05-06
mon_wed_h5,mon_wed,5,market_excess,2026-W19-wed_fri,2026-05-06,2026-05-06
mon_wed_h1,mon_wed,1,market_excess,2026-W19-wed_fri,2026-05-06,2026-05-07
mon_wed_h2,mon_wed,2,market_excess,2026-W19-wed_fri,2026-05-06,2026-05-07
mon_wed_h3,mon_wed,3,market_excess,2026-W19-wed_fri,2026-05-06,2026-05-07
mon_wed_h5,mon_wed,5,market_excess,2026-W19-wed_fri,2026-05-06,2026-05-07
mon_wed_h1,mon_wed,1,market_excess,2026-W19-wed_fri,2026-05-06,2026-05-08
mon_wed_h2,mon_wed,2,market_excess,2026-W19-wed_fri,2026-05-06,2026-05-08
mon_wed_h3,mon_wed,3,market_excess,2026-W19-wed_fri,2026-05-06,2026-05-08
mon_wed_h5,mon_wed,5,market_excess,2026-W19-wed_fri,2026-05-06,2026-05-08
mon_wed_h1,mon_wed,1,market_excess,2026-W20-mon_tue,2026-05-11,2026-05-11
mon_wed_h2,mon_wed,2,market_excess,2026-W20-mon_tue,2026-05-11,2026-05-11
mon_wed_h3,mon_wed,3,market_excess,2026-W20-mon_tue,2026-05-11,2026-05-11
mon_wed_h5,mon_wed,5,market_excess,2026-W20-mon_tue,2026-05-11,2026-05-11
mon_wed_h1,mon_wed,1,market_excess,2026-W20-mon_tue,2026-05-11,2026-05-12
mon_wed_h2,mon_wed,2,market_excess,2026-W20-mon_tue,2026-05-11,2026-05-12
mon_wed_h3,mon_wed,3,market_excess,2026-W20-mon_tue,2026-05-11,2026-05-12
mon_wed_h5,mon_wed,5,market_excess,2026-W20-mon_tue,2026-05-11,2026-05-12
mon_wed_h1,mon_wed,1,market_excess,2026-W20-wed_fri,2026-05-13,2026-05-13
mon_wed_h2,mon_wed,2,market_excess,2026-W20-wed_fri,2026-05-13,2026-05-13
mon_wed_h3,mon_wed,3,market_excess,2026-W20-wed_fri,2026-05-13,2026-05-13
mon_wed_h5,mon_wed,5,market_excess,2026-W20-wed_fri,2026-05-13,2026-05-13
mon_wed_h1,mon_wed,1,market_excess,2026-W20-wed_fri,2026-05-13,2026-05-14
mon_wed_h2,mon_wed,2,market_excess,2026-W20-wed_fri,2026-05-13,2026-05-14
mon_wed_h3,mon_wed,3,market_excess,2026-W20-wed_fri,2026-05-13,2026-05-14
mon_wed_h5,mon_wed,5,market_excess,2026-W20-wed_fri,2026-05-13,2026-05-14
mon_wed_h1,mon_wed,1,market_excess,2026-W20-wed_fri,2026-05-13,2026-05-15
mon_wed_h2,mon_wed,2,market_excess,2026-W20-wed_fri,2026-05-13,2026-05-15
mon_wed_h3,mon_wed,3,market_excess,2026-W20-wed_fri,2026-05-13,2026-05-15
mon_wed_h5,mon_wed,5,market_excess,2026-W20-wed_fri,2026-05-13,2026-05-15
mon_wed_h1,mon_wed,1,market_excess,2026-W21-mon_tue,2026-05-18,2026-05-18
mon_wed_h2,mon_wed,2,market_excess,2026-W21-mon_tue,2026-05-18,2026-05-18
mon_wed_h3,mon_wed,3,market_excess,2026-W21-mon_tue,2026-05-18,2026-05-18
mon_wed_h5,mon_wed,5,market_excess,2026-W21-mon_tue,2026-05-18,2026-05-18
mon_wed_h1,mon_wed,1,market_excess,2026-W21-mon_tue,2026-05-18,2026-05-19
mon_wed_h2,mon_wed,2,market_excess,2026-W21-mon_tue,2026-05-18,2026-05-19
mon_wed_h3,mon_wed,3,market_excess,2026-W21-mon_tue,2026-05-18,2026-05-19
mon_wed_h5,mon_wed,5,market_excess,2026-W21-mon_tue,2026-05-18,2026-05-19
mon_wed_h1,mon_wed,1,market_excess,2026-W21-wed_fri,2026-05-20,2026-05-20
mon_wed_h2,mon_wed,2,market_excess,2026-W21-wed_fri,2026-05-20,2026-05-20
mon_wed_h3,mon_wed,3,market_excess,2026-W21-wed_fri,2026-05-20,2026-05-20
mon_wed_h5,mon_wed,5,market_excess,2026-W21-wed_fri,2026-05-20,2026-05-20
mon_wed_h1,mon_wed,1,market_excess,2026-W21-wed_fri,2026-05-20,2026-05-21
mon_wed_h2,mon_wed,2,market_excess,2026-W21-wed_fri,2026-05-20,2026-05-21
mon_wed_h3,mon_wed,3,market_excess,2026-W21-wed_fri,2026-05-20,2026-05-21
mon_wed_h5,mon_wed,5,market_excess,2026-W21-wed_fri,2026-05-20,2026-05-21
mon_wed_h1,mon_wed,1,market_excess,2026-W21-wed_fri,2026-05-20,2026-05-22
mon_wed_h2,mon_wed,2,market_excess,2026-W21-wed_fri,2026-05-20,2026-05-22
mon_wed_h3,mon_wed,3,market_excess,2026-W21-wed_fri,2026-05-20,2026-05-22
mon_wed_h5,mon_wed,5,market_excess,2026-W21-wed_fri,2026-05-20,2026-05-22
mon_wed_h1,mon_wed,1,market_excess,2026-W22-mon_tue,2026-05-25,2026-05-25
mon_wed_h2,mon_wed,2,market_excess,2026-W22-mon_tue,2026-05-25,2026-05-25
mon_wed_h3,mon_wed,3,market_excess,2026-W22-mon_tue,2026-05-25,2026-05-25
mon_wed_h5,mon_wed,5,market_excess,2026-W22-mon_tue,2026-05-25,2026-05-25
mon_wed_h1,mon_wed,1,market_excess,2026-W22-mon_tue,2026-05-25,2026-05-26
mon_wed_h2,mon_wed,2,market_excess,2026-W22-mon_tue,2026-05-25,2026-05-26
mon_wed_h3,mon_wed,3,market_excess,2026-W22-mon_tue,2026-05-25,2026-05-26
mon_wed_h5,mon_wed,5,market_excess,2026-W22-mon_tue,2026-05-25,2026-05-26
mon_wed_h1,mon_wed,1,market_excess,2026-W22-wed_fri,2026-05-27,2026-05-27
mon_wed_h2,mon_wed,2,market_excess,2026-W22-wed_fri,2026-05-27,2026-05-27
mon_wed_h3,mon_wed,3,market_excess,2026-W22-wed_fri,2026-05-27,2026-05-27
mon_wed_h5,mon_wed,5,market_excess,2026-W22-wed_fri,2026-05-27,2026-05-27
mon_wed_h1,mon_wed,1,market_excess,2026-W22-wed_fri,2026-05-27,2026-05-28
mon_wed_h2,mon_wed,2,market_excess,2026-W22-wed_fri,2026-05-27,2026-05-28
mon_wed_h3,mon_wed,3,market_excess,2026-W22-wed_fri,2026-05-27,2026-05-28
mon_wed_h5,mon_wed,5,market_excess,2026-W22-wed_fri,2026-05-27,2026-05-28
mon_wed_h1,mon_wed,1,market_excess,2026-W22-wed_fri,2026-05-27,2026-05-29
mon_wed_h2,mon_wed,2,market_excess,2026-W22-wed_fri,2026-05-27,2026-05-29
mon_wed_h3,mon_wed,3,market_excess,2026-W22-wed_fri,2026-05-27,2026-05-29
mon_wed_h5,mon_wed,5,market_excess,2026-W22-wed_fri,2026-05-27,2026-05-29
mon_wed_h1,mon_wed,1,market_excess,2026-W23-mon_tue,2026-06-01,2026-06-01
mon_wed_h2,mon_wed,2,market_excess,2026-W23-mon_tue,2026-06-01,2026-06-01
mon_wed_h3,mon_wed,3,market_excess,2026-W23-mon_tue,2026-06-01,2026-06-01
mon_wed_h5,mon_wed,5,market_excess,2026-W23-mon_tue,2026-06-01,2026-06-01
mon_wed_h1,mon_wed,1,market_excess,2026-W23-mon_tue,2026-06-01,2026-06-02
mon_wed_h2,mon_wed,2,market_excess,2026-W23-mon_tue,2026-06-01,2026-06-02
mon_wed_h3,mon_wed,3,market_excess,2026-W23-mon_tue,2026-06-01,2026-06-02
mon_wed_h5,mon_wed,5,market_excess,2026-W23-mon_tue,2026-06-01,2026-06-02
mon_wed_h1,mon_wed,1,market_excess,2026-W23-wed_fri,2026-06-03,2026-06-03
mon_wed_h2,mon_wed,2,market_excess,2026-W23-wed_fri,2026-06-03,2026-06-03
mon_wed_h3,mon_wed,3,market_excess,2026-W23-wed_fri,2026-06-03,2026-06-03
mon_wed_h5,mon_wed,5,market_excess,2026-W23-wed_fri,2026-06-03,2026-06-03
mon_wed_h1,mon_wed,1,market_excess,2026-W23-wed_fri,2026-06-03,2026-06-04
mon_wed_h2,mon_wed,2,market_excess,2026-W23-wed_fri,2026-06-03,2026-06-04
mon_wed_h3,mon_wed,3,market_excess,2026-W23-wed_fri,2026-06-03,2026-06-04
mon_wed_h5,mon_wed,5,market_excess,2026-W23-wed_fri,2026-06-03,2026-06-04
mon_wed_h1,mon_wed,1,market_excess,2026-W23-wed_fri,2026-06-03,2026-06-05
mon_wed_h2,mon_wed,2,market_excess,2026-W23-wed_fri,2026-06-03,2026-06-05
mon_wed_h3,mon_wed,3,market_excess,2026-W23-wed_fri,2026-06-03,2026-06-05
mon_wed_h5,mon_wed,5,market_excess,2026-W23-wed_fri,2026-06-03,2026-06-05
mon_wed_h1,mon_wed,1,market_excess,2026-W24-mon_tue,2026-06-08,2026-06-08
mon_wed_h2,mon_wed,2,market_excess,2026-W24-mon_tue,2026-06-08,2026-06-08
mon_wed_h3,mon_wed,3,market_excess,2026-W24-mon_tue,2026-06-08,2026-06-08
mon_wed_h5,mon_wed,5,market_excess,2026-W24-mon_tue,2026-06-08,2026-06-08
mon_wed_h1,mon_wed,1,market_excess,2026-W24-mon_tue,2026-06-08,2026-06-09
mon_wed_h2,mon_wed,2,market_excess,2026-W24-mon_tue,2026-06-08,2026-06-09
mon_wed_h3,mon_wed,3,market_excess,2026-W24-mon_tue,2026-06-08,2026-06-09
mon_wed_h5,mon_wed,5,market_excess,2026-W24-mon_tue,2026-06-08,2026-06-09
mon_wed_h1,mon_wed,1,market_excess,2026-W24-wed_fri,2026-06-10,2026-06-10
mon_wed_h2,mon_wed,2,market_excess,2026-W24-wed_fri,2026-06-10,2026-06-10
mon_wed_h3,mon_wed,3,market_excess,2026-W24-wed_fri,2026-06-10,2026-06-10
mon_wed_h5,mon_wed,5,market_excess,2026-W24-wed_fri,2026-06-10,2026-06-10
mon_wed_h1,mon_wed,1,market_excess,2026-W24-wed_fri,2026-06-10,2026-06-11
mon_wed_h2,mon_wed,2,market_excess,2026-W24-wed_fri,2026-06-10,2026-06-11
mon_wed_h3,mon_wed,3,market_excess,2026-W24-wed_fri,2026-06-10,2026-06-11
mon_wed_h5,mon_wed,5,market_excess,2026-W24-wed_fri,2026-06-10,2026-06-11
mon_wed_h1,mon_wed,1,market_excess,2026-W24-wed_fri,2026-06-10,2026-06-12
mon_wed_h2,mon_wed,2,market_excess,2026-W24-wed_fri,2026-06-10,2026-06-12
mon_wed_h3,mon_wed,3,market_excess,2026-W24-wed_fri,2026-06-10,2026-06-12
mon_wed_h5,mon_wed,5,market_excess,2026-W24-wed_fri,2026-06-10,2026-06-12
mon_wed_h1,mon_wed,1,market_excess,2026-W25-mon_tue,2026-06-15,2026-06-15
mon_wed_h2,mon_wed,2,market_excess,2026-W25-mon_tue,2026-06-15,2026-06-15
mon_wed_h3,mon_wed,3,market_excess,2026-W25-mon_tue,2026-06-15,2026-06-15
mon_wed_h5,mon_wed,5,market_excess,2026-W25-mon_tue,2026-06-15,2026-06-15
mon_wed_h1,mon_wed,1,market_excess,2026-W25-mon_tue,2026-06-15,2026-06-16
mon_wed_h2,mon_wed,2,market_excess,2026-W25-mon_tue,2026-06-15,2026-06-16
mon_wed_h3,mon_wed,3,market_excess,2026-W25-mon_tue,2026-06-15,2026-06-16
mon_wed_h5,mon_wed,5,market_excess,2026-W25-mon_tue,2026-06-15,2026-06-16
mon_wed_h1,mon_wed,1,market_excess,2026-W25-wed_fri,2026-06-17,2026-06-17
mon_wed_h2,mon_wed,2,market_excess,2026-W25-wed_fri,2026-06-17,2026-06-17
mon_wed_h3,mon_wed,3,market_excess,2026-W25-wed_fri,2026-06-17,2026-06-17
mon_wed_h5,mon_wed,5,market_excess,2026-W25-wed_fri,2026-06-17,2026-06-17
mon_wed_h1,mon_wed,1,market_excess,2026-W25-wed_fri,2026-06-17,2026-06-18
mon_wed_h2,mon_wed,2,market_excess,2026-W25-wed_fri,2026-06-17,2026-06-18
mon_wed_h3,mon_wed,3,market_excess,2026-W25-wed_fri,2026-06-17,2026-06-18
mon_wed_h5,mon_wed,5,market_excess,2026-W25-wed_fri,2026-06-17,2026-06-18
mon_wed_h1,mon_wed,1,market_excess,2026-W26-mon_tue,2026-06-22,2026-06-22
mon_wed_h2,mon_wed,2,market_excess,2026-W26-mon_tue,2026-06-22,2026-06-22
mon_wed_h3,mon_wed,3,market_excess,2026-W26-mon_tue,2026-06-22,2026-06-22
mon_wed_h5,mon_wed,5,market_excess,2026-W26-mon_tue,2026-06-22,2026-06-22
weekly_h1,weekly,1,market_excess,2025-W48,2025-11-25,2025-11-25
weekly_h2,weekly,2,market_excess,2025-W48,2025-11-25,2025-11-25
weekly_h3,weekly,3,market_excess,2025-W48,2025-11-25,2025-11-25
weekly_h5,weekly,5,market_excess,2025-W48,2025-11-25,2025-11-25
weekly_h1,weekly,1,market_excess,2025-W48,2025-11-25,2025-11-26
weekly_h2,weekly,2,market_excess,2025-W48,2025-11-25,2025-11-26
weekly_h3,weekly,3,market_excess,2025-W48,2025-11-25,2025-11-26
weekly_h5,weekly,5,market_excess,2025-W48,2025-11-25,2025-11-26
weekly_h1,weekly,1,market_excess,2025-W48,2025-11-25,2025-11-27
weekly_h2,weekly,2,market_excess,2025-W48,2025-11-25,2025-11-27
weekly_h3,weekly,3,market_excess,2025-W48,2025-11-25,2025-11-27
weekly_h5,weekly,5,market_excess,2025-W48,2025-11-25,2025-11-27
weekly_h1,weekly,1,market_excess,2025-W48,2025-11-25,2025-11-28
weekly_h2,weekly,2,market_excess,2025-W48,2025-11-25,2025-11-28
weekly_h3,weekly,3,market_excess,2025-W48,2025-11-25,2025-11-28
weekly_h5,weekly,5,market_excess,2025-W48,2025-11-25,2025-11-28
weekly_h1,weekly,1,market_excess,2025-W49,2025-12-01,2025-12-01
weekly_h2,weekly,2,market_excess,2025-W49,2025-12-01,2025-12-01
weekly_h3,weekly,3,market_excess,2025-W49,2025-12-01,2025-12-01
weekly_h5,weekly,5,market_excess,2025-W49,2025-12-01,2025-12-01
weekly_h1,weekly,1,market_excess,2025-W49,2025-12-01,2025-12-02
weekly_h2,weekly,2,market_excess,2025-W49,2025-12-01,2025-12-02
weekly_h3,weekly,3,market_excess,2025-W49,2025-12-01,2025-12-02
weekly_h5,weekly,5,market_excess,2025-W49,2025-12-01,2025-12-02
weekly_h1,weekly,1,market_excess,2025-W49,2025-12-01,2025-12-03
weekly_h2,weekly,2,market_excess,2025-W49,2025-12-01,2025-12-03
weekly_h3,weekly,3,market_excess,2025-W49,2025-12-01,2025-12-03
weekly_h5,weekly,5,market_excess,2025-W49,2025-12-01,2025-12-03
weekly_h1,weekly,1,market_excess,2025-W49,2025-12-01,2025-12-04
weekly_h2,weekly,2,market_excess,2025-W49,2025-12-01,2025-12-04
weekly_h3,weekly,3,market_excess,2025-W49,2025-12-01,2025-12-04
weekly_h5,weekly,5,market_excess,2025-W49,2025-12-01,2025-12-04
weekly_h1,weekly,1,market_excess,2025-W49,2025-12-01,2025-12-05
weekly_h2,weekly,2,market_excess,2025-W49,2025-12-01,2025-12-05
weekly_h3,weekly,3,market_excess,2025-W49,2025-12-01,2025-12-05
weekly_h5,weekly,5,market_excess,2025-W49,2025-12-01,2025-12-05
weekly_h1,weekly,1,market_excess,2025-W50,2025-12-08,2025-12-08
weekly_h2,weekly,2,market_excess,2025-W50,2025-12-08,2025-12-08
weekly_h3,weekly,3,market_excess,2025-W50,2025-12-08,2025-12-08
weekly_h5,weekly,5,market_excess,2025-W50,2025-12-08,2025-12-08
weekly_h1,weekly,1,market_excess,2025-W50,2025-12-08,2025-12-09
weekly_h2,weekly,2,market_excess,2025-W50,2025-12-08,2025-12-09
weekly_h3,weekly,3,market_excess,2025-W50,2025-12-08,2025-12-09
weekly_h5,weekly,5,market_excess,2025-W50,2025-12-08,2025-12-09
weekly_h1,weekly,1,market_excess,2025-W50,2025-12-08,2025-12-10
weekly_h2,weekly,2,market_excess,2025-W50,2025-12-08,2025-12-10
weekly_h3,weekly,3,market_excess,2025-W50,2025-12-08,2025-12-10
weekly_h5,weekly,5,market_excess,2025-W50,2025-12-08,2025-12-10
weekly_h1,weekly,1,market_excess,2025-W50,2025-12-08,2025-12-11
weekly_h2,weekly,2,market_excess,2025-W50,2025-12-08,2025-12-11
weekly_h3,weekly,3,market_excess,2025-W50,2025-12-08,2025-12-11
weekly_h5,weekly,5,market_excess,2025-W50,2025-12-08,2025-12-11
weekly_h1,weekly,1,market_excess,2025-W50,2025-12-08,2025-12-12
weekly_h2,weekly,2,market_excess,2025-W50,2025-12-08,2025-12-12
weekly_h3,weekly,3,market_excess,2025-W50,2025-12-08,2025-12-12
weekly_h5,weekly,5,market_excess,2025-W50,2025-12-08,2025-12-12
weekly_h1,weekly,1,market_excess,2025-W51,2025-12-15,2025-12-15
weekly_h2,weekly,2,market_excess,2025-W51,2025-12-15,2025-12-15
weekly_h3,weekly,3,market_excess,2025-W51,2025-12-15,2025-12-15
weekly_h5,weekly,5,market_excess,2025-W51,2025-12-15,2025-12-15
weekly_h1,weekly,1,market_excess,2025-W51,2025-12-15,2025-12-16
weekly_h2,weekly,2,market_excess,2025-W51,2025-12-15,2025-12-16
weekly_h3,weekly,3,market_excess,2025-W51,2025-12-15,2025-12-16
weekly_h5,weekly,5,market_excess,2025-W51,2025-12-15,2025-12-16
weekly_h1,weekly,1,market_excess,2025-W51,2025-12-15,2025-12-17
weekly_h2,weekly,2,market_excess,2025-W51,2025-12-15,2025-12-17
weekly_h3,weekly,3,market_excess,2025-W51,2025-12-15,2025-12-17
weekly_h5,weekly,5,market_excess,2025-W51,2025-12-15,2025-12-17
weekly_h1,weekly,1,market_excess,2025-W51,2025-12-15,2025-12-18
weekly_h2,weekly,2,market_excess,2025-W51,2025-12-15,2025-12-18
weekly_h3,weekly,3,market_excess,2025-W51,2025-12-15,2025-12-18
weekly_h5,weekly,5,market_excess,2025-W51,2025-12-15,2025-12-18
weekly_h1,weekly,1,market_excess,2025-W51,2025-12-15,2025-12-19
weekly_h2,weekly,2,market_excess,2025-W51,2025-12-15,2025-12-19
weekly_h3,weekly,3,market_excess,2025-W51,2025-12-15,2025-12-19
weekly_h5,weekly,5,market_excess,2025-W51,2025-12-15,2025-12-19
weekly_h1,weekly,1,market_excess,2025-W52,2025-12-22,2025-12-22
weekly_h2,weekly,2,market_excess,2025-W52,2025-12-22,2025-12-22
weekly_h3,weekly,3,market_excess,2025-W52,2025-12-22,2025-12-22
weekly_h5,weekly,5,market_excess,2025-W52,2025-12-22,2025-12-22
weekly_h1,weekly,1,market_excess,2025-W52,2025-12-22,2025-12-23
weekly_h2,weekly,2,market_excess,2025-W52,2025-12-22,2025-12-23
weekly_h3,weekly,3,market_excess,2025-W52,2025-12-22,2025-12-23
weekly_h5,weekly,5,market_excess,2025-W52,2025-12-22,2025-12-23
weekly_h1,weekly,1,market_excess,2025-W52,2025-12-22,2025-12-24
weekly_h2,weekly,2,market_excess,2025-W52,2025-12-22,2025-12-24
weekly_h3,weekly,3,market_excess,2025-W52,2025-12-22,2025-12-24
weekly_h5,weekly,5,market_excess,2025-W52,2025-12-22,2025-12-24
weekly_h1,weekly,1,market_excess,2025-W52,2025-12-22,2025-12-25
weekly_h2,weekly,2,market_excess,2025-W52,2025-12-22,2025-12-25
weekly_h3,weekly,3,market_excess,2025-W52,2025-12-22,2025-12-25
weekly_h5,weekly,5,market_excess,2025-W52,2025-12-22,2025-12-25
weekly_h1,weekly,1,market_excess,2025-W52,2025-12-22,2025-12-26
weekly_h2,weekly,2,market_excess,2025-W52,2025-12-22,2025-12-26
weekly_h3,weekly,3,market_excess,2025-W52,2025-12-22,2025-12-26
weekly_h5,weekly,5,market_excess,2025-W52,2025-12-22,2025-12-26
weekly_h1,weekly,1,market_excess,2026-W01,2025-12-29,2025-12-29
weekly_h2,weekly,2,market_excess,2026-W01,2025-12-29,2025-12-29
weekly_h3,weekly,3,market_excess,2026-W01,2025-12-29,2025-12-29
weekly_h5,weekly,5,market_excess,2026-W01,2025-12-29,2025-12-29
weekly_h1,weekly,1,market_excess,2026-W01,2025-12-29,2025-12-30
weekly_h2,weekly,2,market_excess,2026-W01,2025-12-29,2025-12-30
weekly_h3,weekly,3,market_excess,2026-W01,2025-12-29,2025-12-30
weekly_h5,weekly,5,market_excess,2026-W01,2025-12-29,2025-12-30
weekly_h1,weekly,1,market_excess,2026-W01,2025-12-29,2025-12-31
weekly_h2,weekly,2,market_excess,2026-W01,2025-12-29,2025-12-31
weekly_h3,weekly,3,market_excess,2026-W01,2025-12-29,2025-12-31
weekly_h5,weekly,5,market_excess,2026-W01,2025-12-29,2025-12-31
weekly_h1,weekly,1,market_excess,2026-W02,2026-01-05,2026-01-05
weekly_h2,weekly,2,market_excess,2026-W02,2026-01-05,2026-01-05
weekly_h3,weekly,3,market_excess,2026-W02,2026-01-05,2026-01-05
weekly_h5,weekly,5,market_excess,2026-W02,2026-01-05,2026-01-05
weekly_h1,weekly,1,market_excess,2026-W02,2026-01-05,2026-01-06
weekly_h2,weekly,2,market_excess,2026-W02,2026-01-05,2026-01-06
weekly_h3,weekly,3,market_excess,2026-W02,2026-01-05,2026-01-06
weekly_h5,weekly,5,market_excess,2026-W02,2026-01-05,2026-01-06
weekly_h1,weekly,1,market_excess,2026-W02,2026-01-05,2026-01-07
weekly_h2,weekly,2,market_excess,2026-W02,2026-01-05,2026-01-07
weekly_h3,weekly,3,market_excess,2026-W02,2026-01-05,2026-01-07
weekly_h5,weekly,5,market_excess,2026-W02,2026-01-05,2026-01-07
weekly_h1,weekly,1,market_excess,2026-W02,2026-01-05,2026-01-08
weekly_h2,weekly,2,market_excess,2026-W02,2026-01-05,2026-01-08
weekly_h3,weekly,3,market_excess,2026-W02,2026-01-05,2026-01-08
weekly_h5,weekly,5,market_excess,2026-W02,2026-01-05,2026-01-08
weekly_h1,weekly,1,market_excess,2026-W02,2026-01-05,2026-01-09
weekly_h2,weekly,2,market_excess,2026-W02,2026-01-05,2026-01-09
weekly_h3,weekly,3,market_excess,2026-W02,2026-01-05,2026-01-09
weekly_h5,weekly,5,market_excess,2026-W02,2026-01-05,2026-01-09
weekly_h1,weekly,1,market_excess,2026-W03,2026-01-12,2026-01-12
weekly_h2,weekly,2,market_excess,2026-W03,2026-01-12,2026-01-12
weekly_h3,weekly,3,market_excess,2026-W03,2026-01-12,2026-01-12
weekly_h5,weekly,5,market_excess,2026-W03,2026-01-12,2026-01-12
weekly_h1,weekly,1,market_excess,2026-W03,2026-01-12,2026-01-13
weekly_h2,weekly,2,market_excess,2026-W03,2026-01-12,2026-01-13
weekly_h3,weekly,3,market_excess,2026-W03,2026-01-12,2026-01-13
weekly_h5,weekly,5,market_excess,2026-W03,2026-01-12,2026-01-13
weekly_h1,weekly,1,market_excess,2026-W03,2026-01-12,2026-01-14
weekly_h2,weekly,2,market_excess,2026-W03,2026-01-12,2026-01-14
weekly_h3,weekly,3,market_excess,2026-W03,2026-01-12,2026-01-14
weekly_h5,weekly,5,market_excess,2026-W03,2026-01-12,2026-01-14
weekly_h1,weekly,1,market_excess,2026-W03,2026-01-12,2026-01-15
weekly_h2,weekly,2,market_excess,2026-W03,2026-01-12,2026-01-15
weekly_h3,weekly,3,market_excess,2026-W03,2026-01-12,2026-01-15
weekly_h5,weekly,5,market_excess,2026-W03,2026-01-12,2026-01-15
weekly_h1,weekly,1,market_excess,2026-W03,2026-01-12,2026-01-16
weekly_h2,weekly,2,market_excess,2026-W03,2026-01-12,2026-01-16
weekly_h3,weekly,3,market_excess,2026-W03,2026-01-12,2026-01-16
weekly_h5,weekly,5,market_excess,2026-W03,2026-01-12,2026-01-16
weekly_h1,weekly,1,market_excess,2026-W04,2026-01-19,2026-01-19
weekly_h2,weekly,2,market_excess,2026-W04,2026-01-19,2026-01-19
weekly_h3,weekly,3,market_excess,2026-W04,2026-01-19,2026-01-19
weekly_h5,weekly,5,market_excess,2026-W04,2026-01-19,2026-01-19
weekly_h1,weekly,1,market_excess,2026-W04,2026-01-19,2026-01-20
weekly_h2,weekly,2,market_excess,2026-W04,2026-01-19,2026-01-20
weekly_h3,weekly,3,market_excess,2026-W04,2026-01-19,2026-01-20
weekly_h5,weekly,5,market_excess,2026-W04,2026-01-19,2026-01-20
weekly_h1,weekly,1,market_excess,2026-W04,2026-01-19,2026-01-21
weekly_h2,weekly,2,market_excess,2026-W04,2026-01-19,2026-01-21
weekly_h3,weekly,3,market_excess,2026-W04,2026-01-19,2026-01-21
weekly_h5,weekly,5,market_excess,2026-W04,2026-01-19,2026-01-21
weekly_h1,weekly,1,market_excess,2026-W04,2026-01-19,2026-01-22
weekly_h2,weekly,2,market_excess,2026-W04,2026-01-19,2026-01-22
weekly_h3,weekly,3,market_excess,2026-W04,2026-01-19,2026-01-22
weekly_h5,weekly,5,market_excess,2026-W04,2026-01-19,2026-01-22
weekly_h1,weekly,1,market_excess,2026-W04,2026-01-19,2026-01-23
weekly_h2,weekly,2,market_excess,2026-W04,2026-01-19,2026-01-23
weekly_h3,weekly,3,market_excess,2026-W04,2026-01-19,2026-01-23
weekly_h5,weekly,5,market_excess,2026-W04,2026-01-19,2026-01-23
weekly_h1,weekly,1,market_excess,2026-W05,2026-01-26,2026-01-26
weekly_h2,weekly,2,market_excess,2026-W05,2026-01-26,2026-01-26
weekly_h3,weekly,3,market_excess,2026-W05,2026-01-26,2026-01-26
weekly_h5,weekly,5,market_excess,2026-W05,2026-01-26,2026-01-26
weekly_h1,weekly,1,market_excess,2026-W05,2026-01-26,2026-01-27
weekly_h2,weekly,2,market_excess,2026-W05,2026-01-26,2026-01-27
weekly_h3,weekly,3,market_excess,2026-W05,2026-01-26,2026-01-27
weekly_h5,weekly,5,market_excess,2026-W05,2026-01-26,2026-01-27
weekly_h1,weekly,1,market_excess,2026-W05,2026-01-26,2026-01-28
weekly_h2,weekly,2,market_excess,2026-W05,2026-01-26,2026-01-28
weekly_h3,weekly,3,market_excess,2026-W05,2026-01-26,2026-01-28
weekly_h5,weekly,5,market_excess,2026-W05,2026-01-26,2026-01-28
weekly_h1,weekly,1,market_excess,2026-W05,2026-01-26,2026-01-29
weekly_h2,weekly,2,market_excess,2026-W05,2026-01-26,2026-01-29
weekly_h3,weekly,3,market_excess,2026-W05,2026-01-26,2026-01-29
weekly_h5,weekly,5,market_excess,2026-W05,2026-01-26,2026-01-29
weekly_h1,weekly,1,market_excess,2026-W05,2026-01-26,2026-01-30
weekly_h2,weekly,2,market_excess,2026-W05,2026-01-26,2026-01-30
weekly_h3,weekly,3,market_excess,2026-W05,2026-01-26,2026-01-30
weekly_h5,weekly,5,market_excess,2026-W05,2026-01-26,2026-01-30
weekly_h1,weekly,1,market_excess,2026-W06,2026-02-02,2026-02-02
weekly_h2,weekly,2,market_excess,2026-W06,2026-02-02,2026-02-02
weekly_h3,weekly,3,market_excess,2026-W06,2026-02-02,2026-02-02
weekly_h5,weekly,5,market_excess,2026-W06,2026-02-02,2026-02-02
weekly_h1,weekly,1,market_excess,2026-W06,2026-02-02,2026-02-03
weekly_h2,weekly,2,market_excess,2026-W06,2026-02-02,2026-02-03
weekly_h3,weekly,3,market_excess,2026-W06,2026-02-02,2026-02-03
weekly_h5,weekly,5,market_excess,2026-W06,2026-02-02,2026-02-03
weekly_h1,weekly,1,market_excess,2026-W06,2026-02-02,2026-02-04
weekly_h2,weekly,2,market_excess,2026-W06,2026-02-02,2026-02-04
weekly_h3,weekly,3,market_excess,2026-W06,2026-02-02,2026-02-04
weekly_h5,weekly,5,market_excess,2026-W06,2026-02-02,2026-02-04
weekly_h1,weekly,1,market_excess,2026-W06,2026-02-02,2026-02-05
weekly_h2,weekly,2,market_excess,2026-W06,2026-02-02,2026-02-05
weekly_h3,weekly,3,market_excess,2026-W06,2026-02-02,2026-02-05
weekly_h5,weekly,5,market_excess,2026-W06,2026-02-02,2026-02-05
weekly_h1,weekly,1,market_excess,2026-W06,2026-02-02,2026-02-06
weekly_h2,weekly,2,market_excess,2026-W06,2026-02-02,2026-02-06
weekly_h3,weekly,3,market_excess,2026-W06,2026-02-02,2026-02-06
weekly_h5,weekly,5,market_excess,2026-W06,2026-02-02,2026-02-06
weekly_h1,weekly,1,market_excess,2026-W07,2026-02-09,2026-02-09
weekly_h2,weekly,2,market_excess,2026-W07,2026-02-09,2026-02-09
weekly_h3,weekly,3,market_excess,2026-W07,2026-02-09,2026-02-09
weekly_h5,weekly,5,market_excess,2026-W07,2026-02-09,2026-02-09
weekly_h1,weekly,1,market_excess,2026-W07,2026-02-09,2026-02-10
weekly_h2,weekly,2,market_excess,2026-W07,2026-02-09,2026-02-10
weekly_h3,weekly,3,market_excess,2026-W07,2026-02-09,2026-02-10
weekly_h5,weekly,5,market_excess,2026-W07,2026-02-09,2026-02-10
weekly_h1,weekly,1,market_excess,2026-W07,2026-02-09,2026-02-11
weekly_h2,weekly,2,market_excess,2026-W07,2026-02-09,2026-02-11
weekly_h3,weekly,3,market_excess,2026-W07,2026-02-09,2026-02-11
weekly_h5,weekly,5,market_excess,2026-W07,2026-02-09,2026-02-11
weekly_h1,weekly,1,market_excess,2026-W07,2026-02-09,2026-02-12
weekly_h2,weekly,2,market_excess,2026-W07,2026-02-09,2026-02-12
weekly_h3,weekly,3,market_excess,2026-W07,2026-02-09,2026-02-12
weekly_h5,weekly,5,market_excess,2026-W07,2026-02-09,2026-02-12
weekly_h1,weekly,1,market_excess,2026-W07,2026-02-09,2026-02-13
weekly_h2,weekly,2,market_excess,2026-W07,2026-02-09,2026-02-13
weekly_h3,weekly,3,market_excess,2026-W07,2026-02-09,2026-02-13
weekly_h5,weekly,5,market_excess,2026-W07,2026-02-09,2026-02-13
weekly_h1,weekly,1,market_excess,2026-W09,2026-02-24,2026-02-24
weekly_h2,weekly,2,market_excess,2026-W09,2026-02-24,2026-02-24
weekly_h3,weekly,3,market_excess,2026-W09,2026-02-24,2026-02-24
weekly_h5,weekly,5,market_excess,2026-W09,2026-02-24,2026-02-24
weekly_h1,weekly,1,market_excess,2026-W09,2026-02-24,2026-02-25
weekly_h2,weekly,2,market_excess,2026-W09,2026-02-24,2026-02-25
weekly_h3,weekly,3,market_excess,2026-W09,2026-02-24,2026-02-25
weekly_h5,weekly,5,market_excess,2026-W09,2026-02-24,2026-02-25
weekly_h1,weekly,1,market_excess,2026-W09,2026-02-24,2026-02-26
weekly_h2,weekly,2,market_excess,2026-W09,2026-02-24,2026-02-26
weekly_h3,weekly,3,market_excess,2026-W09,2026-02-24,2026-02-26
weekly_h5,weekly,5,market_excess,2026-W09,2026-02-24,2026-02-26
weekly_h1,weekly,1,market_excess,2026-W09,2026-02-24,2026-02-27
weekly_h2,weekly,2,market_excess,2026-W09,2026-02-24,2026-02-27
weekly_h3,weekly,3,market_excess,2026-W09,2026-02-24,2026-02-27
weekly_h5,weekly,5,market_excess,2026-W09,2026-02-24,2026-02-27
weekly_h1,weekly,1,market_excess,2026-W10,2026-03-02,2026-03-02
weekly_h2,weekly,2,market_excess,2026-W10,2026-03-02,2026-03-02
weekly_h3,weekly,3,market_excess,2026-W10,2026-03-02,2026-03-02
weekly_h5,weekly,5,market_excess,2026-W10,2026-03-02,2026-03-02
weekly_h1,weekly,1,market_excess,2026-W10,2026-03-02,2026-03-03
weekly_h2,weekly,2,market_excess,2026-W10,2026-03-02,2026-03-03
weekly_h3,weekly,3,market_excess,2026-W10,2026-03-02,2026-03-03
weekly_h5,weekly,5,market_excess,2026-W10,2026-03-02,2026-03-03
weekly_h1,weekly,1,market_excess,2026-W10,2026-03-02,2026-03-04
weekly_h2,weekly,2,market_excess,2026-W10,2026-03-02,2026-03-04
weekly_h3,weekly,3,market_excess,2026-W10,2026-03-02,2026-03-04
weekly_h5,weekly,5,market_excess,2026-W10,2026-03-02,2026-03-04
weekly_h1,weekly,1,market_excess,2026-W10,2026-03-02,2026-03-05
weekly_h2,weekly,2,market_excess,2026-W10,2026-03-02,2026-03-05
weekly_h3,weekly,3,market_excess,2026-W10,2026-03-02,2026-03-05
weekly_h5,weekly,5,market_excess,2026-W10,2026-03-02,2026-03-05
weekly_h1,weekly,1,market_excess,2026-W10,2026-03-02,2026-03-06
weekly_h2,weekly,2,market_excess,2026-W10,2026-03-02,2026-03-06
weekly_h3,weekly,3,market_excess,2026-W10,2026-03-02,2026-03-06
weekly_h5,weekly,5,market_excess,2026-W10,2026-03-02,2026-03-06
weekly_h1,weekly,1,market_excess,2026-W11,2026-03-09,2026-03-09
weekly_h2,weekly,2,market_excess,2026-W11,2026-03-09,2026-03-09
weekly_h3,weekly,3,market_excess,2026-W11,2026-03-09,2026-03-09
weekly_h5,weekly,5,market_excess,2026-W11,2026-03-09,2026-03-09
weekly_h1,weekly,1,market_excess,2026-W11,2026-03-09,2026-03-10
weekly_h2,weekly,2,market_excess,2026-W11,2026-03-09,2026-03-10
weekly_h3,weekly,3,market_excess,2026-W11,2026-03-09,2026-03-10
weekly_h5,weekly,5,market_excess,2026-W11,2026-03-09,2026-03-10
weekly_h1,weekly,1,market_excess,2026-W11,2026-03-09,2026-03-11
weekly_h2,weekly,2,market_excess,2026-W11,2026-03-09,2026-03-11
weekly_h3,weekly,3,market_excess,2026-W11,2026-03-09,2026-03-11
weekly_h5,weekly,5,market_excess,2026-W11,2026-03-09,2026-03-11
weekly_h1,weekly,1,market_excess,2026-W11,2026-03-09,2026-03-12
weekly_h2,weekly,2,market_excess,2026-W11,2026-03-09,2026-03-12
weekly_h3,weekly,3,market_excess,2026-W11,2026-03-09,2026-03-12
weekly_h5,weekly,5,market_excess,2026-W11,2026-03-09,2026-03-12
weekly_h1,weekly,1,market_excess,2026-W11,2026-03-09,2026-03-13
weekly_h2,weekly,2,market_excess,2026-W11,2026-03-09,2026-03-13
weekly_h3,weekly,3,market_excess,2026-W11,2026-03-09,2026-03-13
weekly_h5,weekly,5,market_excess,2026-W11,2026-03-09,2026-03-13
weekly_h1,weekly,1,market_excess,2026-W12,2026-03-16,2026-03-16
weekly_h2,weekly,2,market_excess,2026-W12,2026-03-16,2026-03-16
weekly_h3,weekly,3,market_excess,2026-W12,2026-03-16,2026-03-16
weekly_h5,weekly,5,market_excess,2026-W12,2026-03-16,2026-03-16
weekly_h1,weekly,1,market_excess,2026-W12,2026-03-16,2026-03-17
weekly_h2,weekly,2,market_excess,2026-W12,2026-03-16,2026-03-17
weekly_h3,weekly,3,market_excess,2026-W12,2026-03-16,2026-03-17
weekly_h5,weekly,5,market_excess,2026-W12,2026-03-16,2026-03-17
weekly_h1,weekly,1,market_excess,2026-W12,2026-03-16,2026-03-18
weekly_h2,weekly,2,market_excess,2026-W12,2026-03-16,2026-03-18
weekly_h3,weekly,3,market_excess,2026-W12,2026-03-16,2026-03-18
weekly_h5,weekly,5,market_excess,2026-W12,2026-03-16,2026-03-18
weekly_h1,weekly,1,market_excess,2026-W12,2026-03-16,2026-03-19
weekly_h2,weekly,2,market_excess,2026-W12,2026-03-16,2026-03-19
weekly_h3,weekly,3,market_excess,2026-W12,2026-03-16,2026-03-19
weekly_h5,weekly,5,market_excess,2026-W12,2026-03-16,2026-03-19
weekly_h1,weekly,1,market_excess,2026-W12,2026-03-16,2026-03-20
weekly_h2,weekly,2,market_excess,2026-W12,2026-03-16,2026-03-20
weekly_h3,weekly,3,market_excess,2026-W12,2026-03-16,2026-03-20
weekly_h5,weekly,5,market_excess,2026-W12,2026-03-16,2026-03-20
weekly_h1,weekly,1,market_excess,2026-W13,2026-03-23,2026-03-23
weekly_h2,weekly,2,market_excess,2026-W13,2026-03-23,2026-03-23
weekly_h3,weekly,3,market_excess,2026-W13,2026-03-23,2026-03-23
weekly_h5,weekly,5,market_excess,2026-W13,2026-03-23,2026-03-23
weekly_h1,weekly,1,market_excess,2026-W13,2026-03-23,2026-03-24
weekly_h2,weekly,2,market_excess,2026-W13,2026-03-23,2026-03-24
weekly_h3,weekly,3,market_excess,2026-W13,2026-03-23,2026-03-24
weekly_h5,weekly,5,market_excess,2026-W13,2026-03-23,2026-03-24
weekly_h1,weekly,1,market_excess,2026-W13,2026-03-23,2026-03-25
weekly_h2,weekly,2,market_excess,2026-W13,2026-03-23,2026-03-25
weekly_h3,weekly,3,market_excess,2026-W13,2026-03-23,2026-03-25
weekly_h5,weekly,5,market_excess,2026-W13,2026-03-23,2026-03-25
weekly_h1,weekly,1,market_excess,2026-W13,2026-03-23,2026-03-26
weekly_h2,weekly,2,market_excess,2026-W13,2026-03-23,2026-03-26
weekly_h3,weekly,3,market_excess,2026-W13,2026-03-23,2026-03-26
weekly_h5,weekly,5,market_excess,2026-W13,2026-03-23,2026-03-26
weekly_h1,weekly,1,market_excess,2026-W13,2026-03-23,2026-03-27
weekly_h2,weekly,2,market_excess,2026-W13,2026-03-23,2026-03-27
weekly_h3,weekly,3,market_excess,2026-W13,2026-03-23,2026-03-27
weekly_h5,weekly,5,market_excess,2026-W13,2026-03-23,2026-03-27
weekly_h1,weekly,1,market_excess,2026-W14,2026-03-30,2026-03-30
weekly_h2,weekly,2,market_excess,2026-W14,2026-03-30,2026-03-30
weekly_h3,weekly,3,market_excess,2026-W14,2026-03-30,2026-03-30
weekly_h5,weekly,5,market_excess,2026-W14,2026-03-30,2026-03-30
weekly_h1,weekly,1,market_excess,2026-W14,2026-03-30,2026-03-31
weekly_h2,weekly,2,market_excess,2026-W14,2026-03-30,2026-03-31
weekly_h3,weekly,3,market_excess,2026-W14,2026-03-30,2026-03-31
weekly_h5,weekly,5,market_excess,2026-W14,2026-03-30,2026-03-31
weekly_h1,weekly,1,market_excess,2026-W14,2026-03-30,2026-04-01
weekly_h2,weekly,2,market_excess,2026-W14,2026-03-30,2026-04-01
weekly_h3,weekly,3,market_excess,2026-W14,2026-03-30,2026-04-01
weekly_h5,weekly,5,market_excess,2026-W14,2026-03-30,2026-04-01
weekly_h1,weekly,1,market_excess,2026-W14,2026-03-30,2026-04-02
weekly_h2,weekly,2,market_excess,2026-W14,2026-03-30,2026-04-02
weekly_h3,weekly,3,market_excess,2026-W14,2026-03-30,2026-04-02
weekly_h5,weekly,5,market_excess,2026-W14,2026-03-30,2026-04-02
weekly_h1,weekly,1,market_excess,2026-W14,2026-03-30,2026-04-03
weekly_h2,weekly,2,market_excess,2026-W14,2026-03-30,2026-04-03
weekly_h3,weekly,3,market_excess,2026-W14,2026-03-30,2026-04-03
weekly_h5,weekly,5,market_excess,2026-W14,2026-03-30,2026-04-03
weekly_h1,weekly,1,market_excess,2026-W15,2026-04-07,2026-04-07
weekly_h2,weekly,2,market_excess,2026-W15,2026-04-07,2026-04-07
weekly_h3,weekly,3,market_excess,2026-W15,2026-04-07,2026-04-07
weekly_h5,weekly,5,market_excess,2026-W15,2026-04-07,2026-04-07
weekly_h1,weekly,1,market_excess,2026-W15,2026-04-07,2026-04-08
weekly_h2,weekly,2,market_excess,2026-W15,2026-04-07,2026-04-08
weekly_h3,weekly,3,market_excess,2026-W15,2026-04-07,2026-04-08
weekly_h5,weekly,5,market_excess,2026-W15,2026-04-07,2026-04-08
weekly_h1,weekly,1,market_excess,2026-W15,2026-04-07,2026-04-09
weekly_h2,weekly,2,market_excess,2026-W15,2026-04-07,2026-04-09
weekly_h3,weekly,3,market_excess,2026-W15,2026-04-07,2026-04-09
weekly_h5,weekly,5,market_excess,2026-W15,2026-04-07,2026-04-09
weekly_h1,weekly,1,market_excess,2026-W15,2026-04-07,2026-04-10
weekly_h2,weekly,2,market_excess,2026-W15,2026-04-07,2026-04-10
weekly_h3,weekly,3,market_excess,2026-W15,2026-04-07,2026-04-10
weekly_h5,weekly,5,market_excess,2026-W15,2026-04-07,2026-04-10
weekly_h1,weekly,1,market_excess,2026-W16,2026-04-13,2026-04-13
weekly_h2,weekly,2,market_excess,2026-W16,2026-04-13,2026-04-13
weekly_h3,weekly,3,market_excess,2026-W16,2026-04-13,2026-04-13
weekly_h5,weekly,5,market_excess,2026-W16,2026-04-13,2026-04-13
weekly_h1,weekly,1,market_excess,2026-W16,2026-04-13,2026-04-14
weekly_h2,weekly,2,market_excess,2026-W16,2026-04-13,2026-04-14
weekly_h3,weekly,3,market_excess,2026-W16,2026-04-13,2026-04-14
weekly_h5,weekly,5,market_excess,2026-W16,2026-04-13,2026-04-14
weekly_h1,weekly,1,market_excess,2026-W16,2026-04-13,2026-04-15
weekly_h2,weekly,2,market_excess,2026-W16,2026-04-13,2026-04-15
weekly_h3,weekly,3,market_excess,2026-W16,2026-04-13,2026-04-15
weekly_h5,weekly,5,market_excess,2026-W16,2026-04-13,2026-04-15
weekly_h1,weekly,1,market_excess,2026-W16,2026-04-13,2026-04-16
weekly_h2,weekly,2,market_excess,2026-W16,2026-04-13,2026-04-16
weekly_h3,weekly,3,market_excess,2026-W16,2026-04-13,2026-04-16
weekly_h5,weekly,5,market_excess,2026-W16,2026-04-13,2026-04-16
weekly_h1,weekly,1,market_excess,2026-W16,2026-04-13,2026-04-17
weekly_h2,weekly,2,market_excess,2026-W16,2026-04-13,2026-04-17
weekly_h3,weekly,3,market_excess,2026-W16,2026-04-13,2026-04-17
weekly_h5,weekly,5,market_excess,2026-W16,2026-04-13,2026-04-17
weekly_h1,weekly,1,market_excess,2026-W17,2026-04-20,2026-04-20
weekly_h2,weekly,2,market_excess,2026-W17,2026-04-20,2026-04-20
weekly_h3,weekly,3,market_excess,2026-W17,2026-04-20,2026-04-20
weekly_h5,weekly,5,market_excess,2026-W17,2026-04-20,2026-04-20
weekly_h1,weekly,1,market_excess,2026-W17,2026-04-20,2026-04-21
weekly_h2,weekly,2,market_excess,2026-W17,2026-04-20,2026-04-21
weekly_h3,weekly,3,market_excess,2026-W17,2026-04-20,2026-04-21
weekly_h5,weekly,5,market_excess,2026-W17,2026-04-20,2026-04-21
weekly_h1,weekly,1,market_excess,2026-W17,2026-04-20,2026-04-22
weekly_h2,weekly,2,market_excess,2026-W17,2026-04-20,2026-04-22
weekly_h3,weekly,3,market_excess,2026-W17,2026-04-20,2026-04-22
weekly_h5,weekly,5,market_excess,2026-W17,2026-04-20,2026-04-22
weekly_h1,weekly,1,market_excess,2026-W17,2026-04-20,2026-04-23
weekly_h2,weekly,2,market_excess,2026-W17,2026-04-20,2026-04-23
weekly_h3,weekly,3,market_excess,2026-W17,2026-04-20,2026-04-23
weekly_h5,weekly,5,market_excess,2026-W17,2026-04-20,2026-04-23
weekly_h1,weekly,1,market_excess,2026-W17,2026-04-20,2026-04-24
weekly_h2,weekly,2,market_excess,2026-W17,2026-04-20,2026-04-24
weekly_h3,weekly,3,market_excess,2026-W17,2026-04-20,2026-04-24
weekly_h5,weekly,5,market_excess,2026-W17,2026-04-20,2026-04-24
weekly_h1,weekly,1,market_excess,2026-W18,2026-04-27,2026-04-27
weekly_h2,weekly,2,market_excess,2026-W18,2026-04-27,2026-04-27
weekly_h3,weekly,3,market_excess,2026-W18,2026-04-27,2026-04-27
weekly_h5,weekly,5,market_excess,2026-W18,2026-04-27,2026-04-27
weekly_h1,weekly,1,market_excess,2026-W18,2026-04-27,2026-04-28
weekly_h2,weekly,2,market_excess,2026-W18,2026-04-27,2026-04-28
weekly_h3,weekly,3,market_excess,2026-W18,2026-04-27,2026-04-28
weekly_h5,weekly,5,market_excess,2026-W18,2026-04-27,2026-04-28
weekly_h1,weekly,1,market_excess,2026-W18,2026-04-27,2026-04-29
weekly_h2,weekly,2,market_excess,2026-W18,2026-04-27,2026-04-29
weekly_h3,weekly,3,market_excess,2026-W18,2026-04-27,2026-04-29
weekly_h5,weekly,5,market_excess,2026-W18,2026-04-27,2026-04-29
weekly_h1,weekly,1,market_excess,2026-W18,2026-04-27,2026-04-30
weekly_h2,weekly,2,market_excess,2026-W18,2026-04-27,2026-04-30
weekly_h3,weekly,3,market_excess,2026-W18,2026-04-27,2026-04-30
weekly_h5,weekly,5,market_excess,2026-W18,2026-04-27,2026-04-30
weekly_h1,weekly,1,market_excess,2026-W19,2026-05-06,2026-05-06
weekly_h2,weekly,2,market_excess,2026-W19,2026-05-06,2026-05-06
weekly_h3,weekly,3,market_excess,2026-W19,2026-05-06,2026-05-06
weekly_h5,weekly,5,market_excess,2026-W19,2026-05-06,2026-05-06
weekly_h1,weekly,1,market_excess,2026-W19,2026-05-06,2026-05-07
weekly_h2,weekly,2,market_excess,2026-W19,2026-05-06,2026-05-07
weekly_h3,weekly,3,market_excess,2026-W19,2026-05-06,2026-05-07
weekly_h5,weekly,5,market_excess,2026-W19,2026-05-06,2026-05-07
weekly_h1,weekly,1,market_excess,2026-W19,2026-05-06,2026-05-08
weekly_h2,weekly,2,market_excess,2026-W19,2026-05-06,2026-05-08
weekly_h3,weekly,3,market_excess,2026-W19,2026-05-06,2026-05-08
weekly_h5,weekly,5,market_excess,2026-W19,2026-05-06,2026-05-08
weekly_h1,weekly,1,market_excess,2026-W20,2026-05-11,2026-05-11
weekly_h2,weekly,2,market_excess,2026-W20,2026-05-11,2026-05-11
weekly_h3,weekly,3,market_excess,2026-W20,2026-05-11,2026-05-11
weekly_h5,weekly,5,market_excess,2026-W20,2026-05-11,2026-05-11
weekly_h1,weekly,1,market_excess,2026-W20,2026-05-11,2026-05-12
weekly_h2,weekly,2,market_excess,2026-W20,2026-05-11,2026-05-12
weekly_h3,weekly,3,market_excess,2026-W20,2026-05-11,2026-05-12
weekly_h5,weekly,5,market_excess,2026-W20,2026-05-11,2026-05-12
weekly_h1,weekly,1,market_excess,2026-W20,2026-05-11,2026-05-13
weekly_h2,weekly,2,market_excess,2026-W20,2026-05-11,2026-05-13
weekly_h3,weekly,3,market_excess,2026-W20,2026-05-11,2026-05-13
weekly_h5,weekly,5,market_excess,2026-W20,2026-05-11,2026-05-13
weekly_h1,weekly,1,market_excess,2026-W20,2026-05-11,2026-05-14
weekly_h2,weekly,2,market_excess,2026-W20,2026-05-11,2026-05-14
weekly_h3,weekly,3,market_excess,2026-W20,2026-05-11,2026-05-14
weekly_h5,weekly,5,market_excess,2026-W20,2026-05-11,2026-05-14
weekly_h1,weekly,1,market_excess,2026-W20,2026-05-11,2026-05-15
weekly_h2,weekly,2,market_excess,2026-W20,2026-05-11,2026-05-15
weekly_h3,weekly,3,market_excess,2026-W20,2026-05-11,2026-05-15
weekly_h5,weekly,5,market_excess,2026-W20,2026-05-11,2026-05-15
weekly_h1,weekly,1,market_excess,2026-W21,2026-05-18,2026-05-18
weekly_h2,weekly,2,market_excess,2026-W21,2026-05-18,2026-05-18
weekly_h3,weekly,3,market_excess,2026-W21,2026-05-18,2026-05-18
weekly_h5,weekly,5,market_excess,2026-W21,2026-05-18,2026-05-18
weekly_h1,weekly,1,market_excess,2026-W21,2026-05-18,2026-05-19
weekly_h2,weekly,2,market_excess,2026-W21,2026-05-18,2026-05-19
weekly_h3,weekly,3,market_excess,2026-W21,2026-05-18,2026-05-19
weekly_h5,weekly,5,market_excess,2026-W21,2026-05-18,2026-05-19
weekly_h1,weekly,1,market_excess,2026-W21,2026-05-18,2026-05-20
weekly_h2,weekly,2,market_excess,2026-W21,2026-05-18,2026-05-20
weekly_h3,weekly,3,market_excess,2026-W21,2026-05-18,2026-05-20
weekly_h5,weekly,5,market_excess,2026-W21,2026-05-18,2026-05-20
weekly_h1,weekly,1,market_excess,2026-W21,2026-05-18,2026-05-21
weekly_h2,weekly,2,market_excess,2026-W21,2026-05-18,2026-05-21
weekly_h3,weekly,3,market_excess,2026-W21,2026-05-18,2026-05-21
weekly_h5,weekly,5,market_excess,2026-W21,2026-05-18,2026-05-21
weekly_h1,weekly,1,market_excess,2026-W21,2026-05-18,2026-05-22
weekly_h2,weekly,2,market_excess,2026-W21,2026-05-18,2026-05-22
weekly_h3,weekly,3,market_excess,2026-W21,2026-05-18,2026-05-22
weekly_h5,weekly,5,market_excess,2026-W21,2026-05-18,2026-05-22
weekly_h1,weekly,1,market_excess,2026-W22,2026-05-25,2026-05-25
weekly_h2,weekly,2,market_excess,2026-W22,2026-05-25,2026-05-25
weekly_h3,weekly,3,market_excess,2026-W22,2026-05-25,2026-05-25
weekly_h5,weekly,5,market_excess,2026-W22,2026-05-25,2026-05-25
weekly_h1,weekly,1,market_excess,2026-W22,2026-05-25,2026-05-26
weekly_h2,weekly,2,market_excess,2026-W22,2026-05-25,2026-05-26
weekly_h3,weekly,3,market_excess,2026-W22,2026-05-25,2026-05-26
weekly_h5,weekly,5,market_excess,2026-W22,2026-05-25,2026-05-26
weekly_h1,weekly,1,market_excess,2026-W22,2026-05-25,2026-05-27
weekly_h2,weekly,2,market_excess,2026-W22,2026-05-25,2026-05-27
weekly_h3,weekly,3,market_excess,2026-W22,2026-05-25,2026-05-27
weekly_h5,weekly,5,market_excess,2026-W22,2026-05-25,2026-05-27
weekly_h1,weekly,1,market_excess,2026-W22,2026-05-25,2026-05-28
weekly_h2,weekly,2,market_excess,2026-W22,2026-05-25,2026-05-28
weekly_h3,weekly,3,market_excess,2026-W22,2026-05-25,2026-05-28
weekly_h5,weekly,5,market_excess,2026-W22,2026-05-25,2026-05-28
weekly_h1,weekly,1,market_excess,2026-W22,2026-05-25,2026-05-29
weekly_h2,weekly,2,market_excess,2026-W22,2026-05-25,2026-05-29
weekly_h3,weekly,3,market_excess,2026-W22,2026-05-25,2026-05-29
weekly_h5,weekly,5,market_excess,2026-W22,2026-05-25,2026-05-29
weekly_h1,weekly,1,market_excess,2026-W23,2026-06-01,2026-06-01
weekly_h2,weekly,2,market_excess,2026-W23,2026-06-01,2026-06-01
weekly_h3,weekly,3,market_excess,2026-W23,2026-06-01,2026-06-01
weekly_h5,weekly,5,market_excess,2026-W23,2026-06-01,2026-06-01
weekly_h1,weekly,1,market_excess,2026-W23,2026-06-01,2026-06-02
weekly_h2,weekly,2,market_excess,2026-W23,2026-06-01,2026-06-02
weekly_h3,weekly,3,market_excess,2026-W23,2026-06-01,2026-06-02
weekly_h5,weekly,5,market_excess,2026-W23,2026-06-01,2026-06-02
weekly_h1,weekly,1,market_excess,2026-W23,2026-06-01,2026-06-03
weekly_h2,weekly,2,market_excess,2026-W23,2026-06-01,2026-06-03
weekly_h3,weekly,3,market_excess,2026-W23,2026-06-01,2026-06-03
weekly_h5,weekly,5,market_excess,2026-W23,2026-06-01,2026-06-03
weekly_h1,weekly,1,market_excess,2026-W23,2026-06-01,2026-06-04
weekly_h2,weekly,2,market_excess,2026-W23,2026-06-01,2026-06-04
weekly_h3,weekly,3,market_excess,2026-W23,2026-06-01,2026-06-04
weekly_h5,weekly,5,market_excess,2026-W23,2026-06-01,2026-06-04
weekly_h1,weekly,1,market_excess,2026-W23,2026-06-01,2026-06-05
weekly_h2,weekly,2,market_excess,2026-W23,2026-06-01,2026-06-05
weekly_h3,weekly,3,market_excess,2026-W23,2026-06-01,2026-06-05
weekly_h5,weekly,5,market_excess,2026-W23,2026-06-01,2026-06-05
weekly_h1,weekly,1,market_excess,2026-W24,2026-06-08,2026-06-08
weekly_h2,weekly,2,market_excess,2026-W24,2026-06-08,2026-06-08
weekly_h3,weekly,3,market_excess,2026-W24,2026-06-08,2026-06-08
weekly_h5,weekly,5,market_excess,2026-W24,2026-06-08,2026-06-08
weekly_h1,weekly,1,market_excess,2026-W24,2026-06-08,2026-06-09
weekly_h2,weekly,2,market_excess,2026-W24,2026-06-08,2026-06-09
weekly_h3,weekly,3,market_excess,2026-W24,2026-06-08,2026-06-09
weekly_h5,weekly,5,market_excess,2026-W24,2026-06-08,2026-06-09
weekly_h1,weekly,1,market_excess,2026-W24,2026-06-08,2026-06-10
weekly_h2,weekly,2,market_excess,2026-W24,2026-06-08,2026-06-10
weekly_h3,weekly,3,market_excess,2026-W24,2026-06-08,2026-06-10
weekly_h5,weekly,5,market_excess,2026-W24,2026-06-08,2026-06-10
weekly_h1,weekly,1,market_excess,2026-W24,2026-06-08,2026-06-11
weekly_h2,weekly,2,market_excess,2026-W24,2026-06-08,2026-06-11
weekly_h3,weekly,3,market_excess,2026-W24,2026-06-08,2026-06-11
weekly_h5,weekly,5,market_excess,2026-W24,2026-06-08,2026-06-11
weekly_h1,weekly,1,market_excess,2026-W24,2026-06-08,2026-06-12
weekly_h2,weekly,2,market_excess,2026-W24,2026-06-08,2026-06-12
weekly_h3,weekly,3,market_excess,2026-W24,2026-06-08,2026-06-12
weekly_h5,weekly,5,market_excess,2026-W24,2026-06-08,2026-06-12
weekly_h1,weekly,1,market_excess,2026-W25,2026-06-15,2026-06-15
weekly_h2,weekly,2,market_excess,2026-W25,2026-06-15,2026-06-15
weekly_h3,weekly,3,market_excess,2026-W25,2026-06-15,2026-06-15
weekly_h5,weekly,5,market_excess,2026-W25,2026-06-15,2026-06-15
weekly_h1,weekly,1,market_excess,2026-W25,2026-06-15,2026-06-16
weekly_h2,weekly,2,market_excess,2026-W25,2026-06-15,2026-06-16
weekly_h3,weekly,3,market_excess,2026-W25,2026-06-15,2026-06-16
weekly_h5,weekly,5,market_excess,2026-W25,2026-06-15,2026-06-16
weekly_h1,weekly,1,market_excess,2026-W25,2026-06-15,2026-06-17
weekly_h2,weekly,2,market_excess,2026-W25,2026-06-15,2026-06-17
weekly_h3,weekly,3,market_excess,2026-W25,2026-06-15,2026-06-17
weekly_h5,weekly,5,market_excess,2026-W25,2026-06-15,2026-06-17
weekly_h1,weekly,1,market_excess,2026-W25,2026-06-15,2026-06-18
weekly_h2,weekly,2,market_excess,2026-W25,2026-06-15,2026-06-18
weekly_h3,weekly,3,market_excess,2026-W25,2026-06-15,2026-06-18
weekly_h5,weekly,5,market_excess,2026-W25,2026-06-15,2026-06-18
weekly_h1,weekly,1,market_excess,2026-W26,2026-06-22,2026-06-22
weekly_h2,weekly,2,market_excess,2026-W26,2026-06-22,2026-06-22
weekly_h3,weekly,3,market_excess,2026-W26,2026-06-22,2026-06-22
weekly_h5,weekly,5,market_excess,2026-W26,2026-06-22,2026-06-22
